-- --------------------------------------------------------
-- Хост:                         127.0.0.1
-- Версия на сървъра:            11.4.3-MariaDB - mariadb.org binary distribution
-- ОС на сървъра:                Win64
-- HeidiSQL Версия:              12.6.0.6765
-- --------------------------------------------------------

/*!40101 SET @OLD_CHARACTER_SET_CLIENT=@@CHARACTER_SET_CLIENT */;
/*!40101 SET NAMES utf8 */;
/*!50503 SET NAMES utf8mb4 */;
/*!40103 SET @OLD_TIME_ZONE=@@TIME_ZONE */;
/*!40103 SET TIME_ZONE='+00:00' */;
/*!40014 SET @OLD_FOREIGN_KEY_CHECKS=@@FOREIGN_KEY_CHECKS, FOREIGN_KEY_CHECKS=0 */;
/*!40101 SET @OLD_SQL_MODE=@@SQL_MODE, SQL_MODE='NO_AUTO_VALUE_ON_ZERO' */;
/*!40111 SET @OLD_SQL_NOTES=@@SQL_NOTES, SQL_NOTES=0 */;


-- Дъмп на структурата на БД job_match
CREATE DATABASE IF NOT EXISTS `job_match` /*!40100 DEFAULT CHARACTER SET latin1 COLLATE latin1_swedish_ci */;
USE `job_match`;

-- Дъмп структура за таблица job_match.employers
CREATE TABLE IF NOT EXISTS `employers` (
  `id` int(11) NOT NULL,
  `company_name` varchar(50) NOT NULL,
  `description` varchar(200) NOT NULL,
  PRIMARY KEY (`id`),
  CONSTRAINT `employers_user_id_fk` FOREIGN KEY (`id`) REFERENCES `users_details` (`id`)
) ENGINE=InnoDB DEFAULT CHARSET=latin1 COLLATE=latin1_swedish_ci;

-- Дъмп данни за таблица job_match.employers: ~15 rows (приблизителен брой)
INSERT IGNORE INTO `employers` (`id`, `company_name`, `description`) VALUES
	(8, 'testCompany', 'A startup focusing on innovative AR/VR technologies for education.'),
	(32, 'Tech Solutions', 'A leading provider of IT solutions for businesses.'),
	(33, 'Green Energy', 'Specializing in sustainable and renewable energy solutions.'),
	(34, 'FinTech Hub', 'Innovative financial technology services for the modern world.'),
	(35, 'HealthTech', 'Revolutionizing healthcare with cutting-edge technology.'),
	(36, 'EduTech', 'Enhancing education through innovative technology solutions.'),
	(37, 'Cyber Secure', 'Providing advanced cybersecurity solutions to protect businesses.'),
	(38, 'Food Innovations', 'Creating innovative solutions for the food industry.'),
	(39, 'Media Hub', 'Delivering high-quality media and entertainment content.'),
	(40, 'RetailTech', 'Innovative technology solutions for the retail industry.'),
	(41, 'Smart Transport', 'Transforming transportation with smart technology solutions.'),
	(42, 'Innovative Tech', 'Developing cutting-edge technology solutions for businesses.'),
	(43, 'Solar Energy', 'Providing solar energy solutions for a sustainable future.'),
	(44, 'BioTech Lab', 'Leading innovations in biotechnology and healthcare.'),
	(45, 'AgriTech', 'Advancing agriculture with innovative technology solutions.'),
	(48, 'Robotics Lab', 'Pioneering the future of robotics and automation.');

-- Дъмп структура за таблица job_match.job_ads
CREATE TABLE IF NOT EXISTS `job_ads` (
  `id` int(11) NOT NULL AUTO_INCREMENT,
  `position_title` varchar(200) NOT NULL,
  `min_salary` decimal(10,0) NOT NULL,
  `max_salary` decimal(10,0) NOT NULL,
  `job_description` varchar(500) NOT NULL,
  `location_id` int(11) NOT NULL,
  `status_id` int(11) NOT NULL,
  `employer_id` int(11) NOT NULL,
  `is_hybrid` tinyint(1) NOT NULL,
  PRIMARY KEY (`id`),
  KEY `job_ads_locations_city_id_fk` (`location_id`),
  KEY `job_ads_statuses_id_fk` (`status_id`),
  KEY `job_ads_employers_id_fk` (`employer_id`),
  CONSTRAINT `job_ads_employers_id_fk` FOREIGN KEY (`employer_id`) REFERENCES `employers` (`id`),
  CONSTRAINT `job_ads_locations_city_id_fk` FOREIGN KEY (`location_id`) REFERENCES `locations` (`id`),
  CONSTRAINT `job_ads_statuses_id_fk` FOREIGN KEY (`status_id`) REFERENCES `statuses` (`id`)
) ENGINE=InnoDB AUTO_INCREMENT=22 DEFAULT CHARSET=latin1 COLLATE=latin1_swedish_ci;

-- Дъмп данни за таблица job_match.job_ads: ~21 rows (приблизителен брой)
INSERT IGNORE INTO `job_ads` (`id`, `position_title`, `min_salary`, `max_salary`, `job_description`, `location_id`, `status_id`, `employer_id`, `is_hybrid`) VALUES
	(1, 'Java Developer', 2000, 2500, 'Join an innovative AI startup focused on revolutionizing the healthcare industry.', 1, 3, 8, 0),
	(2, 'Software Engineer', 2000, 3000, 'Develop and maintain software applications.', 9735, 1, 32, 1),
	(3, 'Data Analyst', 1800, 2500, 'Analyze and interpret complex data sets.', 9292, 1, 33, 0),
	(4, 'Marketing Specialist', 1500, 2200, 'Develop marketing strategies and campaigns.', 9656, 1, 34, 1),
	(5, 'Project Manager', 2500, 3500, 'Oversee project execution and ensure timely delivery.', 9701, 1, 35, 0),
	(6, 'System Administrator', 2000, 2800, 'Manage and maintain IT systems.', 1, 1, 36, 1),
	(7, 'Graphic Designer', 1200, 2000, 'Create visual designs for marketing.', 9735, 1, 37, 0),
	(8, 'HR Manager', 1800, 2500, 'Manage human resources operations.', 9292, 1, 38, 1),
	(9, 'Accountant', 1500, 2200, 'Handle financial records and tax reports.', 9656, 1, 39, 0),
	(10, 'Software Tester', 1500, 2000, 'Test software for bugs and quality assurance.', 9701, 1, 40, 1),
	(11, 'Content Writer', 1200, 1800, 'Write and edit content for blogs and websites.', 1, 1, 41, 0),
	(12, 'Web Developer', 2000, 3000, 'Develop and maintain websites.', 9735, 1, 42, 1),
	(13, 'Mobile App Developer', 2200, 3200, 'Design and develop mobile applications.', 9292, 1, 43, 0),
	(14, 'DevOps Engineer', 2500, 3500, 'Implement DevOps practices for CI/CD.', 9656, 1, 44, 1),
	(15, 'Network Engineer', 2000, 2800, 'Design and manage network infrastructure.', 9701, 1, 45, 0),
	(16, 'Sales Executive', 1200, 2000, 'Drive sales and build client relationships.', 1, 1, 32, 1),
	(17, 'UI/UX Designer', 1800, 2500, 'Design intuitive user interfaces and experiences.', 9735, 1, 33, 0),
	(18, 'Technical Writer', 1500, 2200, 'Write technical documentation and manuals.', 9292, 1, 34, 1),
	(19, 'Support Engineer', 1200, 2000, 'Provide technical support to customers.', 9656, 1, 35, 0),
	(20, 'Operations Manager', 2200, 3000, 'Oversee daily business operations.', 9701, 1, 36, 1),
	(21, 'Business Analyst', 2000, 2800, 'Analyze business processes and recommend solutions.', 1, 1, 37, 0);

-- Дъмп структура за таблица job_match.job_ads_match_requests
CREATE TABLE IF NOT EXISTS `job_ads_match_requests` (
  `id` int(11) NOT NULL AUTO_INCREMENT,
  `job_ad_id` int(11) NOT NULL,
  `job_application_id` int(11) NOT NULL,
  PRIMARY KEY (`id`),
  KEY `job_ads_match_requests_job_ads_id_fk` (`job_ad_id`),
  KEY `job_ads_match_requests_job_applications_id_fk` (`job_application_id`),
  CONSTRAINT `job_ads_match_requests_job_ads_id_fk` FOREIGN KEY (`job_ad_id`) REFERENCES `job_ads` (`id`),
  CONSTRAINT `job_ads_match_requests_job_applications_id_fk` FOREIGN KEY (`job_application_id`) REFERENCES `job_applications` (`id`)
) ENGINE=InnoDB AUTO_INCREMENT=6 DEFAULT CHARSET=latin1 COLLATE=latin1_swedish_ci;

-- Дъмп данни за таблица job_match.job_ads_match_requests: ~0 rows (приблизителен брой)

-- Дъмп структура за таблица job_match.job_applications
CREATE TABLE IF NOT EXISTS `job_applications` (
  `id` int(11) NOT NULL AUTO_INCREMENT,
  `application_description` varchar(200) NOT NULL,
  `min_salary` decimal(10,0) NOT NULL,
  `max_salary` decimal(10,0) NOT NULL,
  `location_id` int(11) NOT NULL,
  `status_id` int(11) NOT NULL,
  `professional_id` int(11) NOT NULL,
  `is_hybrid` tinyint(1) NOT NULL,
  PRIMARY KEY (`id`),
  KEY `job_applications_locations_location_id_fk` (`location_id`),
  KEY `job_applications_statuses_id_fk` (`status_id`),
  KEY `job_applications_professionals_id_fk` (`professional_id`),
  CONSTRAINT `job_applications_locations_location_id_fk` FOREIGN KEY (`location_id`) REFERENCES `locations` (`id`),
  CONSTRAINT `job_applications_professionals_id_fk` FOREIGN KEY (`professional_id`) REFERENCES `professionals` (`id`),
  CONSTRAINT `job_applications_statuses_id_fk` FOREIGN KEY (`status_id`) REFERENCES `statuses` (`id`)
) ENGINE=InnoDB AUTO_INCREMENT=80 DEFAULT CHARSET=latin1 COLLATE=latin1_swedish_ci;

-- Дъмп данни за таблица job_match.job_applications: ~60 rows (приблизителен брой)
INSERT IGNORE INTO `job_applications` (`id`, `application_description`, `min_salary`, `max_salary`, `location_id`, `status_id`, `professional_id`, `is_hybrid`) VALUES
	(20, 'Looking for a challenging role in software development.', 1200, 1800, 9735, 1, 12, 1),
	(21, 'Seeking a position as a data analyst to leverage analytical skills.', 1300, 1900, 9292, 1, 13, 0),
	(22, 'Passionate about creative marketing strategies and campaigns.', 1000, 1500, 9656, 1, 14, 1),
	(23, 'Experienced in managing projects efficiently and effectively.', 1500, 2200, 9701, 1, 15, 0),
	(24, 'System administration professional with extensive IT experience.', 1400, 2000, 1, 1, 16, 1),
	(25, 'Creative graphic designer with a knack for visual storytelling.', 1000, 1400, 9735, 1, 17, 0),
	(26, 'Human resource manager focused on strategic HR solutions.', 1400, 2100, 9292, 1, 18, 1),
	(27, 'Accountant specializing in financial reporting and audits.', 1200, 1700, 9656, 1, 19, 0),
	(28, 'Software tester committed to quality assurance and bug tracking.', 1200, 1600, 9701, 1, 20, 1),
	(29, 'Content writer skilled in crafting compelling digital content.', 1000, 1500, 1, 1, 21, 0),
	(30, 'Web developer enthusiastic about creating user-friendly websites.', 1200, 1800, 9735, 1, 22, 1),
	(31, 'Mobile app developer passionate about innovative applications.', 1400, 2000, 9292, 1, 23, 0),
	(32, 'DevOps engineer skilled in CI/CD pipelines and automation tools.', 1600, 2400, 9656, 1, 24, 1),
	(33, 'Network engineer experienced in network architecture and security.', 1500, 2100, 9701, 1, 25, 0),
	(34, 'Sales executive experienced in relationship building and sales.', 1000, 1400, 1, 1, 26, 1),
	(35, 'UI/UX designer focused on user-friendly and engaging designs.', 1200, 1700, 9735, 1, 27, 0),
	(36, 'Technical writer skilled in creating comprehensive documentation.', 1200, 1600, 9292, 1, 28, 1),
	(37, 'Support engineer committed to resolving technical issues promptly.', 1200, 1700, 9656, 1, 29, 0),
	(38, 'Operations manager experienced in streamlining business processes.', 1600, 2400, 9701, 1, 30, 1),
	(39, 'Business analyst skilled in data-driven decision-making.', 1500, 2100, 1, 1, 31, 0),
	(40, 'Eager junior software developer looking for opportunities in Java development.', 2500, 3500, 9735, 1, 12, 1),
	(41, 'Experienced backend developer with expertise in Spring and Hibernate.', 3000, 4500, 9292, 1, 13, 1),
	(42, 'SQL and database specialist seeking database administration roles.', 2000, 3000, 9656, 1, 14, 0),
	(43, 'Frontend developer skilled in React and Angular, aiming to build great UI experiences.', 2500, 4000, 9701, 1, 15, 1),
	(44, 'Full-stack developer with experience in Docker and Kubernetes.', 3200, 5000, 1, 1, 16, 0),
	(45, 'Cloud engineer with expertise in AWS and Azure platforms.', 3000, 4500, 9735, 1, 17, 1),
	(46, 'Java developer passionate about building RESTful APIs.', 2500, 3500, 9292, 1, 18, 0),
	(47, 'DevOps engineer skilled in CI/CD pipelines and Jenkins automation.', 3000, 4500, 9656, 1, 19, 1),
	(48, 'Frontend specialist with a keen eye for design and CSS expertise.', 2000, 3000, 9701, 1, 20, 0),
	(49, 'Software engineer with hands-on experience in Python and machine learning.', 3500, 5000, 1, 1, 21, 1),
	(50, 'Mobile app developer skilled in React Native and TypeScript.', 2500, 4000, 9735, 1, 22, 0),
	(51, 'C++ developer with a focus on performance and system-level programming.', 3000, 5000, 9292, 1, 23, 1),
	(52, 'Network administrator with Linux expertise and shell scripting skills.', 2500, 4000, 9656, 1, 24, 0),
	(53, 'Data analyst proficient in data visualization and NoSQL databases.', 2500, 3500, 9701, 1, 25, 1),
	(54, 'Backend developer focused on Microservices and GraphQL integrations.', 3000, 4500, 1, 1, 26, 1),
	(55, 'Test engineer experienced in TDD, JUnit, and Mockito.', 2000, 3000, 9735, 1, 27, 0),
	(56, 'Agile practitioner with extensive experience using JIRA.', 2500, 4000, 9292, 1, 28, 1),
	(57, 'HTML/CSS developer eager to join creative projects.', 2000, 3000, 9656, 1, 29, 0),
	(58, 'Security-focused software engineer knowledgeable in Ansible and Terraform.', 3000, 4500, 9701, 1, 30, 1),
	(59, 'Experienced software architect with a passion for mentoring teams.', 4500, 6000, 1, 1, 31, 1),
	(60, 'Junior software developer with strong knowledge in Java and looking to grow in backend development.', 2200, 3000, 9735, 1, 12, 1),
	(61, 'Backend developer with experience in Spring and Hibernate, seeking to work on enterprise applications.', 2500, 3200, 9292, 1, 13, 1),
	(62, 'Database administrator with solid experience in SQL and PostgreSQL for large-scale applications.', 2300, 3100, 9656, 1, 14, 0),
	(63, 'Frontend developer with expertise in React and Angular, passionate about building user-friendly interfaces.', 2400, 3000, 9701, 1, 15, 1),
	(64, 'Full-stack developer experienced in both backend and frontend technologies such as Java, Spring, React, and Docker.', 2700, 3500, 1, 4, 16, 0),
	(65, 'Cloud engineer with expertise in AWS and Azure platforms, focusing on building scalable cloud infrastructures.', 2500, 3300, 9735, 1, 17, 1),
	(66, 'Java developer experienced in building REST APIs and eager to contribute to a fast-paced team.', 2300, 3000, 9292, 1, 18, 0),
	(67, 'DevOps engineer skilled in Jenkins and automation, aiming to improve development pipelines for rapid delivery.', 2600, 3300, 9656, 1, 19, 1),
	(68, 'Frontend developer specializing in CSS, HTML, and modern design practices for responsive websites.', 2200, 2900, 9701, 1, 20, 0),
	(69, 'Software engineer with experience in Python and looking to work on machine learning and data science projects.', 2800, 3500, 1, 1, 21, 1),
	(70, 'Mobile app developer skilled in React Native and TypeScript, focusing on building cross-platform applications.', 2400, 3000, 9735, 1, 22, 0),
	(71, 'C++ developer with a focus on performance optimization and system-level programming for embedded applications.', 2500, 3200, 9292, 1, 23, 1),
	(72, 'Network administrator with expertise in Linux systems, shell scripting, and network security.', 2200, 2900, 9656, 1, 24, 0),
	(73, 'Data analyst with a background in data visualization, reporting, and working with NoSQL databases.', 2300, 3000, 9701, 1, 25, 1),
	(74, 'Backend developer with experience in Microservices and working with GraphQL for API integrations.', 2600, 3300, 1, 1, 26, 1),
	(75, 'Test engineer with expertise in TDD, JUnit, and Mockito, looking to improve software quality through automated testing.', 2200, 2800, 9735, 1, 27, 0),
	(76, 'Agile practitioner with strong experience in JIRA and helping teams adopt Agile methodologies.', 2400, 3100, 9292, 1, 28, 1),
	(77, 'HTML/CSS developer with a focus on clean and responsive web design, looking to join creative teams.', 2200, 2800, 9656, 1, 29, 0),
	(78, 'Security-focused software engineer with experience in Ansible and Terraform for infrastructure automation.', 2600, 3300, 9701, 1, 30, 1),
	(79, 'Experienced software architect with strong background in mentoring teams and leading software projects.', 2800, 3500, 1, 1, 31, 1);

-- Дъмп структура за таблица job_match.job_applications_match_requests
CREATE TABLE IF NOT EXISTS `job_applications_match_requests` (
  `id` int(11) NOT NULL AUTO_INCREMENT,
  `job_application_id` int(100) NOT NULL,
  `job_ad_id` int(100) NOT NULL,
  PRIMARY KEY (`id`),
  KEY `matches_job_ads_id_fk` (`job_ad_id`),
  KEY `matches_job_applications_id_fk` (`job_application_id`),
  CONSTRAINT `matches_job_ads_id_fk` FOREIGN KEY (`job_ad_id`) REFERENCES `job_ads` (`id`),
  CONSTRAINT `matches_job_applications_id_fk` FOREIGN KEY (`job_application_id`) REFERENCES `job_applications` (`id`)
) ENGINE=InnoDB AUTO_INCREMENT=18 DEFAULT CHARSET=latin1 COLLATE=latin1_swedish_ci;

-- Дъмп данни за таблица job_match.job_applications_match_requests: ~0 rows (приблизителен брой)

-- Дъмп структура за таблица job_match.locations
CREATE TABLE IF NOT EXISTS `locations` (
  `id` int(11) NOT NULL,
  `city_name` varchar(40) NOT NULL,
  `country_iso` varchar(5) NOT NULL,
  PRIMARY KEY (`id`),
  UNIQUE KEY `locations_pk_2` (`city_name`),
  UNIQUE KEY `locations_pk` (`id`)
) ENGINE=InnoDB DEFAULT CHARSET=latin1 COLLATE=latin1_swedish_ci;

-- Дъмп данни за таблица job_match.locations: ~7 rows (приблизителен брой)
INSERT IGNORE INTO `locations` (`id`, `city_name`, `country_iso`) VALUES
	(1, 'Home', 'Hm'),
	(9292, 'Burgas', 'BG'),
	(9656, 'Plovdiv', 'BG'),
	(9701, 'Sofia', 'BG'),
	(9735, 'Varna', 'BG'),
	(50388, 'London', 'GB'),
	(50481, 'Manchester', 'GB'),
	(97170, 'Belgrade', 'RS');

-- Дъмп структура за таблица job_match.professionals
CREATE TABLE IF NOT EXISTS `professionals` (
  `id` int(11) NOT NULL,
  `first_name` varchar(50) NOT NULL,
  `last_name` varchar(50) NOT NULL,
  `summary` varchar(200) NOT NULL,
  `status_id` int(11) NOT NULL,
  PRIMARY KEY (`id`),
  CONSTRAINT `professionals_user_id_fk` FOREIGN KEY (`id`) REFERENCES `users_details` (`id`)
) ENGINE=InnoDB DEFAULT CHARSET=latin1 COLLATE=latin1_swedish_ci;

-- Дъмп данни за таблица job_match.professionals: ~21 rows (приблизителен брой)
INSERT IGNORE INTO `professionals` (`id`, `first_name`, `last_name`, `summary`, `status_id`) VALUES
	(10, 'Petar', 'Petrov', 'Looking for my first job in the IT field', 1),
	(12, 'Emily', 'Johnson', 'Expert in creating visually stunning designs and user experiences.', 1),
	(13, 'Michael', 'Smith', 'A leader in innovative marketing strategies.', 1),
	(14, 'Jessica', 'Davis', 'Specializing in full-stack web development.', 1),
	(15, 'David', 'Martinez', 'Experts in big data analytics and insights.', 1),
	(16, 'Sophia', 'Brown', 'Master in project management and execution.', 2),
	(17, 'James', 'Wilson', 'Specializing in financial analysis and investment strategies.', 1),
	(18, 'Olivia', 'Garcia', 'Expert in human resources strategies and people management.', 1),
	(19, 'Ethan', 'Miller', 'Top-tier sales professional driving results.', 1),
	(20, 'Emma', 'Rodriguez', 'Expert in safeguarding digital environments.', 1),
	(21, 'Liam', 'Anderson', 'Leading the way in technological innovations.', 1),
	(22, 'Alex', 'Robinson', 'Passionate writer with a flair for storytelling.', 1),
	(23, 'Jessica', 'Harris', 'Experienced legal advisor specializing in corporate law.', 1),
	(24, 'Ryan', 'Walker', 'UX designer with a focus on user-centered design.', 1),
	(25, 'Emily', 'Clark', 'Business analyst with expertise in data-driven decision making.', 1),
	(26, 'David', 'Lewis', 'IT consultant specializing in infrastructure and security.', 1),
	(27, 'Sarah', 'Young', 'Public relations specialist with a talent for media outreach.', 1),
	(28, 'Daniel', 'King', 'SEO expert helping businesses rank higher in search engines.', 1),
	(29, 'Laura', 'Scott', 'Content creator with a knack for engaging digital content.', 1),
	(30, 'Matthew', 'Martinez', 'Event planner specializing in corporate events and conferences.', 1),
	(31, 'Emma', 'Taylor', 'Research scientist with a focus on innovative technologies.', 1),
	(47, 'Cody', 'Watson', 'In search of my dream job as a Phyton Developer', 1);

-- Дъмп структура за таблица job_match.qualifications
CREATE TABLE IF NOT EXISTS `qualifications` (
  `job_application_id` int(11) NOT NULL,
  `skill_id` int(11) NOT NULL,
  KEY `qualifications_job_applications_id_fk` (`job_application_id`),
  KEY `qualifications_skills_id_fk` (`skill_id`),
  CONSTRAINT `qualifications_job_applications_id_fk` FOREIGN KEY (`job_application_id`) REFERENCES `job_applications` (`id`),
  CONSTRAINT `qualifications_skills_id_fk` FOREIGN KEY (`skill_id`) REFERENCES `skills` (`id`)
) ENGINE=InnoDB DEFAULT CHARSET=latin1 COLLATE=latin1_swedish_ci;

-- Дъмп данни за таблица job_match.qualifications: ~201 rows (приблизителен брой)
INSERT IGNORE INTO `qualifications` (`job_application_id`, `skill_id`) VALUES
	(20, 1),
	(20, 2),
	(20, 3),
	(20, 4),
	(20, 5),
	(21, 23),
	(21, 31),
	(21, 32),
	(21, 33),
	(21, 34),
	(22, 19),
	(22, 20),
	(22, 21),
	(22, 32),
	(22, 40),
	(23, 10),
	(23, 11),
	(23, 12),
	(23, 13),
	(23, 14),
	(24, 6),
	(24, 26),
	(24, 27),
	(24, 28),
	(25, 17),
	(25, 18),
	(25, 20),
	(25, 21),
	(26, 40),
	(26, 37),
	(26, 38),
	(27, 4),
	(27, 5),
	(27, 31),
	(28, 37),
	(28, 38),
	(28, 36),
	(28, 1),
	(28, 3),
	(29, 19),
	(29, 20),
	(29, 21),
	(29, 40),
	(30, 1),
	(30, 17),
	(30, 18),
	(30, 22),
	(31, 1),
	(31, 18),
	(31, 22),
	(31, 23),
	(32, 9),
	(32, 10),
	(32, 15),
	(32, 28),
	(33, 26),
	(33, 9),
	(33, 29),
	(33, 13),
	(34, 19),
	(34, 20),
	(34, 40),
	(35, 18),
	(35, 19),
	(35, 20),
	(35, 21),
	(36, 19),
	(36, 4),
	(36, 40),
	(37, 13),
	(37, 5),
	(37, 26),
	(38, 15),
	(38, 40),
	(38, 13),
	(39, 4),
	(39, 31),
	(39, 32),
	(20, 1),
	(20, 7),
	(20, 3),
	(21, 1),
	(21, 2),
	(21, 3),
	(21, 4),
	(22, 4),
	(22, 5),
	(22, 6),
	(23, 18),
	(23, 17),
	(23, 20),
	(23, 21),
	(24, 1),
	(24, 9),
	(24, 10),
	(24, 7),
	(25, 11),
	(25, 12),
	(25, 9),
	(26, 1),
	(26, 7),
	(26, 3),
	(27, 15),
	(27, 16),
	(27, 14),
	(27, 28),
	(28, 21),
	(28, 20),
	(28, 19),
	(29, 23),
	(29, 30),
	(29, 31),
	(30, 18),
	(30, 22),
	(30, 19),
	(31, 25),
	(31, 24),
	(31, 26),
	(32, 26),
	(32, 27),
	(32, 9),
	(33, 31),
	(33, 32),
	(33, 33),
	(33, 34),
	(34, 8),
	(34, 36),
	(34, 4),
	(35, 37),
	(35, 38),
	(35, 39),
	(36, 40),
	(36, 15),
	(36, 16),
	(37, 20),
	(37, 21),
	(37, 19),
	(38, 29),
	(38, 28),
	(38, 9),
	(39, 1),
	(39, 8),
	(39, 11),
	(39, 15),
	(59, 1),
	(59, 13),
	(59, 14),
	(60, 1),
	(61, 1),
	(61, 2),
	(61, 3),
	(62, 4),
	(62, 5),
	(62, 6),
	(63, 17),
	(63, 18),
	(63, 20),
	(63, 21),
	(64, 1),
	(64, 2),
	(64, 3),
	(64, 8),
	(64, 9),
	(65, 11),
	(65, 12),
	(65, 10),
	(66, 1),
	(66, 7),
	(66, 13),
	(67, 15),
	(67, 16),
	(68, 19),
	(68, 20),
	(68, 21),
	(69, 23),
	(69, 30),
	(69, 31),
	(70, 18),
	(70, 22),
	(71, 25),
	(72, 26),
	(72, 27),
	(73, 31),
	(73, 32),
	(73, 33),
	(74, 8),
	(74, 36),
	(75, 37),
	(75, 38),
	(75, 39),
	(76, 40),
	(77, 20),
	(77, 21),
	(78, 28),
	(78, 29),
	(79, 1),
	(79, 13),
	(79, 14),
	(59, 3),
	(59, 2),
	(59, 4);

-- Дъмп структура за таблица job_match.refresh_tokens
CREATE TABLE IF NOT EXISTS `refresh_tokens` (
  `id` int(11) NOT NULL AUTO_INCREMENT,
  `refresh_token` varchar(10000) NOT NULL,
  `revoked` tinyint(1) NOT NULL,
  `user_id` int(11) NOT NULL,
  PRIMARY KEY (`id`),
  KEY `refresh_tokens_users_details_id_fk` (`user_id`),
  CONSTRAINT `refresh_tokens_users_details_id_fk` FOREIGN KEY (`user_id`) REFERENCES `users_details` (`id`)
) ENGINE=InnoDB AUTO_INCREMENT=117 DEFAULT CHARSET=latin1 COLLATE=latin1_swedish_ci;

-- Дъмп данни за таблица job_match.refresh_tokens: ~90 rows (приблизителен брой)
INSERT IGNORE INTO `refresh_tokens` (`id`, `refresh_token`, `revoked`, `user_id`) VALUES
	(1, 'eyJhbGciOiJSUzI1NiJ9.eyJpc3MiOiJjb20uam9iTWF0Y2guYXV0aCIsInN1YiI6InRlc3RDb21wYW55IiwiZXhwIjoxNzM0MTkxMDM5LCJpYXQiOjE3MzI4OTUwMzksInNjb3BlIjoiUkVGUkVTSF9UT0tFTiJ9.g2gFfe8X2YC5vw0hQ02k_r_bXY_EC49EB1sjhlLv0nn4rJ8pxtI7JhjSyq1a2NrlbKJMsaiPEUijbwvyZ2rvDwClBYSo5eF7iOB2AVZYh1Ln9Taofy4d-P4vvKg64knzbD9ywNhqO78eBBJXPWeAkMbn-80XrpvrIOnp3paA5iqspEwjHvsLY_kKpPdDkP_IlZ1R9Bs1yDAA5M_in1S_8feMvo949FNZAzk5nSQKG61745NhMXJQF5_fJA5-b-3K798PG4M1lwGmujgLJd9FcrAXXmzRWgpq48mtsV1Yb4ZX0QY14N0Z9bdLoGuqli7uwOc6L70hI9--a9QU2p8_vQ', 1, 8),
	(3, 'eyJhbGciOiJSUzI1NiJ9.eyJpc3MiOiJjb20uam9iTWF0Y2guYXV0aCIsInN1YiI6InRlc3RDb21wYW55IiwiZXhwIjoxNzM0MTkxOTU1LCJpYXQiOjE3MzI4OTU5NTUsInNjb3BlIjoiUkVGUkVTSF9UT0tFTiJ9.MujI82kcwwI3O7OpTr3_KPLJE16-olhdFgbRo0Y2UEQL1ltEX95qGhfiXA6xBWXUg2xCKaplhgux_ikoBLgp-fPuAOnmOAS_m-PkbwIKMnXyBayu48Zg3yuGCW3_rHTaXxI7DB4XYwOv2KgC2M98GAzcUinjRHzRNTCEmSdeOL-XA5GDKTFRlBzWO7Odo6HdgJ4V6OvntyB2EvFTrFnja_znt4h05edbW15HiKb7_d8kT-YQ1rNqu1cvHV0azM_jFdLekpluRLCR-Nobp431C6UMA6auO_y4ZKt4-jDTV22PNSSRlXfvLLcnID8ujW70sqhvfI4955jozaLDto7u_A', 1, 8),
	(4, 'eyJhbGciOiJSUzI1NiJ9.eyJpc3MiOiJjb20uam9iTWF0Y2guYXV0aCIsInN1YiI6InBldGFycGV0cm92IiwiZXhwIjoxNzM0MTkyMDE1LCJpYXQiOjE3MzI4OTYwMTUsInNjb3BlIjoiUkVGUkVTSF9UT0tFTiJ9.nwx8gA9V67ko8wYrA7bgLF1Lz86aOG_6OLDP97CLwYAoNZmxHdNNl05fVEzhDILbl3T-zrL2k3Gz3iwPg6NUsNRuFVYSHLd9tnBf4gyC-MNexkSFb2S-DpAvU7-Gg1tBIboNNM9fDljnhpI-1gqoxq1lE8lTVPEmWqIxkAhq46MZtPw1M3mdM17B9J_7WuS5bpHxiMhwK5L_vMnMNb6udlms1MXhUJtohlZjCSuQbVjbaFLLp2y0Bqfo8IikopcQ_hcN7OIAJLEkwQuX6bH_1hXyp21hIfhuDTYLlvjvfS4L_UPnDmD5RQ6-I1KtcW8j01JYJZVqB2Yb4gsto48MrA', 1, 10),
	(5, 'eyJhbGciOiJSUzI1NiJ9.eyJpc3MiOiJjb20uam9iTWF0Y2guYXV0aCIsInN1YiI6InRlc3RDb21wYW55IiwiZXhwIjoxNzM0MjU0Nzc4LCJpYXQiOjE3MzI5NTg3NzgsInNjb3BlIjoiUkVGUkVTSF9UT0tFTiJ9.RYL6J4pcKoHkgvgOhp4Y3ysM1sLQqHUZAjA9QPGCc-DbkVAGcEOI9eJQwvYY6yxsK6Xs9UoyXdOm72Sn0qbbgnKevy6TrkbG7XgRj2Ty5FB5aYKJW8HI0C_5-Tsp_VMt-RblzxRg9IoscB5hp5OKC0da3pRc-sPpsluJ4pUr_tNrjigrAvwVHpoea85LvrDLv6kJI9cXJNlAA5HKjlEoFBe6he_QO84t_AWqBr_-W7YSZ7BKpnMCH0x5UL9aSOC4OImz9ljXdvyAMFNZaiv0QVoh0Yi1wTYNLDsC0wM27eZ8vJgbNLN6CWYs7-RQ6ORdcldR0SmiPNmc4f4HEFwleQ', 1, 8),
	(6, 'eyJhbGciOiJSUzI1NiJ9.eyJpc3MiOiJjb20uam9iTWF0Y2guYXV0aCIsInN1YiI6InBldGFycGV0cm92IiwiZXhwIjoxNzM0MjU0ODYwLCJpYXQiOjE3MzI5NTg4NjAsInNjb3BlIjoiUkVGUkVTSF9UT0tFTiJ9.nLHGn8-71n50OyaX3J65vxx3GVVKuWRrbZn5vYUqgMw1rECtoPPK3wDvqHTZdD5FC_2fmnGvxsPiw82dIuU7C3h47M6G75QhPYoYDaNmJnQ9eRfIzbuXCAq7TbUkEF9Quma58MTXHEpGPMvW75T1CHZ9utPSIHSiB88iMa66IYfrr0HOJ7Mb-s8ujoU5nkpKHRMEWSvi2EAihPBg9tboPiH9iqvsSFqf6ms_Wbz2vJTe6jxlp43iXwy5AMCf_vnhPWmv1kUHHJJ7j7QcgzGCaVE4VHbTLrSbSxzuKfVWUwcXBv1BNmP2zOs2JEvyp9Xfl4m3c2kuz87ePHTvKUATWA', 1, 10),
	(7, 'eyJhbGciOiJSUzI1NiJ9.eyJpc3MiOiJjb20uam9iTWF0Y2guYXV0aCIsInN1YiI6InBldGFycGV0cm92IiwiZXhwIjoxNzM0MjU1MDg3LCJpYXQiOjE3MzI5NTkwODcsInNjb3BlIjoiUkVGUkVTSF9UT0tFTiJ9.QeIJ0WN8FZ9aJgvJNHYdgshtrAm1hPFti5U_aGdnhJsk2rBrNWGvYNSWP15qvOvCFPKaCjg3ottJ56e4DDNQU29qGnlnCEgrT2CireuY8rQFjJHLICGERwELssts5JRtWvxFZmK368NGTW5yEWIjGIIE4eSZK7UVx7U_L06YiZLk2KG6fRY-mKt_ZhrpU-1n1ZZbxtzs4FPVCA6UPqo3X6O9B-UZW1OV2wUHmAf5qBeBSham7EPHvHBpyIAniCh17bYU2MUPqFwbGsCuizqN3nmuek5Bs9ohl2LcaY_j6Z0BdoEb_IRF2DrBcyObArmBC82iCdF9414H7k0Sj-Y2pQ', 1, 10),
	(8, 'eyJhbGciOiJSUzI1NiJ9.eyJpc3MiOiJjb20uam9iTWF0Y2guYXV0aCIsInN1YiI6InBldGFycGV0cm92IiwiZXhwIjoxNzM0MjU1NTE0LCJpYXQiOjE3MzI5NTk1MTQsInNjb3BlIjoiUkVGUkVTSF9UT0tFTiJ9.cepU_i_SPgmUxptSU0HpmTvzsX7PPsJmm03Zv2jwDBJAEoPJ09KkYhkD35sjYtCg31oR3HaXIBGXNV2IIO5kkcpMc7jPhZ6riXofUjIOOoN6casib0Hg_sr7HVMhWEJj-SlAgOdubgclxn0sfnm_zKZ02T4U-Wf3y4guiCjUvnlvbr8lsjn9XY8n9gx-7Z6IqmNKlVZGBcr7QeX7qqsQTG65SOVEJW8luS2oKu-8QebzA9gzjETx3GeC08XQR7SyYmGZdRj3EOZbxrY82P3ItqGx_u-mHgcglox0SMPF1th8-C_nmc1naHjjSYfNFsiBRXj9fjeh3nkoj8xJdusW8w', 1, 10),
	(9, 'eyJhbGciOiJSUzI1NiJ9.eyJpc3MiOiJjb20uam9iTWF0Y2guYXV0aCIsInN1YiI6InBldGFycGV0cm92IiwiZXhwIjoxNzM0MjU2MDE4LCJpYXQiOjE3MzI5NjAwMTgsInNjb3BlIjoiUkVGUkVTSF9UT0tFTiJ9.WYmcM47BvZyLJw1rC8PmUUWhX6vBoF6R2Ep-vc1-Vp-90UA25imxqx2sP62gwfmL7ga7ySAdxNNH1nlDgPB9k6OhgkzuT40ApE0KkHN-OIW29mIJBxnqNbELFgTxkCdlOlDkNaeJ1NZbQ-CVMTCRE_Twft2qF6yzZHzq-HHWvrjoXaRVA3O4EplJGY8-pT16eWVXZGjLxlznwUxZRepIgQ-OhsYn3yBKJ9fzhUQ8Aaj8DiBx_G410A0H2mlHx5aNzG-Gsk3GDzCwpn9GUGapk_knrBSHEvxR2zom6E2gZSk3gvvAw5OMPKhQMYJOEHWQ3Ud-vPrISF_GEwoaZVI2UQ', 1, 10),
	(10, 'eyJhbGciOiJSUzI1NiJ9.eyJpc3MiOiJjb20uam9iTWF0Y2guYXV0aCIsInN1YiI6InRlc3RDb21wYW55IiwiZXhwIjoxNzM0MjU2NTE4LCJpYXQiOjE3MzI5NjA1MTgsInNjb3BlIjoiUkVGUkVTSF9UT0tFTiJ9.vTLST2vEyaho3gSEjXN2J6hzqfShtk6157mzZINT0QnBxWdtvO1MwHm4R298VFhX9_rlbnNAtlIjroZsWuNLHCJzd4qwXMh8NYE7Phe3b_J5IvSFVQ4ESViwRqJUWhEXjB20eOdPyV73RZ5ThOSG_y6pqEKjA7EUAQfpbzhG_6WgBK8oQMVMAbO1VXNZ8Rp9dsrSyfh57rlWUFTeiPavjBxdePoH-lXeKh90DGLf5v_ej0JVha9nZU5q75HpIR8a47s_9kv5JB5k3vLq_AyICMVbmI6yGZJZrRQ31Nqs9_NwxqSrmRifLLtlohSnNheDPp3sJ42QK_dug7YWCkYDNg', 1, 8),
	(11, 'eyJhbGciOiJSUzI1NiJ9.eyJpc3MiOiJjb20uam9iTWF0Y2guYXV0aCIsInN1YiI6InRlc3RDb21wYW55IiwiZXhwIjoxNzM0MjU2NzkyLCJpYXQiOjE3MzI5NjA3OTIsInNjb3BlIjoiUkVGUkVTSF9UT0tFTiJ9.celghDFrfyAvQWTg4HM3hmJIvgbh_KgaEjsuu4MZfffpL3ysKVBmrbSieY9y4p56jojNVARW_R9FooZ_AO9ILQ3Bkiqg0-PtpqRlxwVHZ67Iy4lXynQp8x5MbYcfDwnR6vTs7sjyz7gRX5VEZv8ILQ6IOkwWd4gZ5SKhjVo_fINKMBKGU7SXbLKPXdos6sXYhsueky0jlQYAE9Eqq0TxKFK3UpsjUkt9IK18HQdPs9NS7Mg2rSd2BdYCfUWO-D9L7MLchcEkLqIWBt_o7CBgHty7RryCbmN-PBHMDt5_Au0MTXj2CBLy65MbkIQZL6yH6qbewuwzSE6iJNUVfyCJfA', 1, 8),
	(12, 'eyJhbGciOiJSUzI1NiJ9.eyJpc3MiOiJjb20uam9iTWF0Y2guYXV0aCIsInN1YiI6InRlc3RDb21wYW55IiwiZXhwIjoxNzM0MjU3MjE2LCJpYXQiOjE3MzI5NjEyMTYsInNjb3BlIjoiUkVGUkVTSF9UT0tFTiJ9.BhqD3obwIEruKeaVM4nD6sRTCmZI63Y3G2q40PR_3Iuj3jRMtJHxUT5Y-e-CtTEoPfrKe2z7ZAZZFrBwFGwtWzQKIXpI6mfWf2V2QZbjDhLhvCnlUWoUTeBZlsKxTeMMuecC9FIqmgTl0z7fNAX1ZLn5pebxpPpuDd0qoZ14sRvnXHjhuACcJCy91HwVIdZWWzBXDeu-1bxrQ4rowvM4S2E17aYt6_oeTADvzHdFVY0ALQ05nz64tNUvC-Yx1-BUkxzeujXz3aGrMOvswI2rJhHgwJdw1YQO6ypxFi3KnBttdbfaukfdsOvSbxtNHqq0fSZIIKSA5UE0uQ9OuBqNzw', 1, 8),
	(13, 'eyJhbGciOiJSUzI1NiJ9.eyJpc3MiOiJjb20uam9iTWF0Y2guYXV0aCIsInN1YiI6InRlc3RDb21wYW55IiwiZXhwIjoxNzM0MjU4NDcxLCJpYXQiOjE3MzI5NjI0NzEsInNjb3BlIjoiUkVGUkVTSF9UT0tFTiJ9.mle1rcnuWAQIfIV4pKdug8UKIAq_V8lAOqilbaH-PrSqiGTDUQcD6A2iOnMuY5rTdXg9PA-FTqKGWHgj1ikZOd3kDwYZthSyhEQJuBfHVLWFxa_cmpHLGjUsKjMgsMTSCRDonUORzqeBYrln13oI7ejldRbvK8v-ajbwNDXgiBATVkKzAeV1jH7N0xy8ekOPvmOt9PG4cFHlKfej3wkIiFBI3Nuu8YAoHLsuN4laPq7tj7eT6RhO61E37INK7z1oLxHhrWfmrlcy8OUH0SJKqrtAGLUdN7nNi68p3kYSeTZdUvSX9RuhSVP8G6ozJio4MlR-z0KpP5Re2EqpWtnOpA', 1, 8),
	(14, 'eyJhbGciOiJSUzI1NiJ9.eyJpc3MiOiJjb20uam9iTWF0Y2guYXV0aCIsInN1YiI6InRlc3RDb21wYW55IiwiZXhwIjoxNzM0MjU4NjM1LCJpYXQiOjE3MzI5NjI2MzUsInNjb3BlIjoiUkVGUkVTSF9UT0tFTiJ9.sve2Lk6dCttZBWdNgmXehVm35aVBEz3k4swHPcYZdIPxTJJZaK7jPEnwEJyZ4pBifLvd3YX0AiPf2FAFqeMaEUUdPqOXjiYYdCG5aYJHG4HdDHyAt8mnDjT8CuVoqCvC04e_wPEkAyOWeyt-f-pXTC5kXmAeKgE6L9bCYcRKChDzrvj8poB_iWsdxSGQUqVE2js-TONhuVdV03YnMvNIoPMdzSDoFB4KzbuaDzhPRdMjDQRxChw8AcaUSYO5b9BDcRWwnwUPu3kN5aJ_ThkgX45IkNlhuI9hamf3Old-VXmXLSFRVDDN-OBzTolrxBjNUGp3rnDeTjE4Oh_NlxBG5w', 1, 8),
	(15, 'eyJhbGciOiJSUzI1NiJ9.eyJpc3MiOiJjb20uam9iTWF0Y2guYXV0aCIsInN1YiI6InBldGFycGV0cm92IiwiZXhwIjoxNzM0MjU4NzY1LCJpYXQiOjE3MzI5NjI3NjUsInNjb3BlIjoiUkVGUkVTSF9UT0tFTiJ9.IbXMsJX7u02jt3ELg56ZFYPkiu4a3cmzw57fjNaB3x9f6bdWfK1yIeKXZqV2mWnKOVO9qFC-G8sZiLWOyEvMteuzpkPnDIJHoX8gpBXwLph2gkg6Cpwn0L-zVDZ1F3p4-sOkm2PN7kRW-fK9U-iKAQ3cIBYqPARW_FQlDGKBNNK8WvXaOqrAK_oKaC7gNo85sHWebLBnGa2KOsenTRCOXm3q4dcIdQ5AGlR8_sB8XlcNCkXvc4TztztUGW2vdfFL0LwhOynU8Y4wMHlt_ktGdIdF7W-aQ-soVNDKpk456w3JwIBEn3X6IkAh88Vz797758WYgwWlmqynB3cBZaIeDA', 1, 10),
	(16, 'eyJhbGciOiJSUzI1NiJ9.eyJpc3MiOiJjb20uam9iTWF0Y2guYXV0aCIsInN1YiI6InBldGFycGV0cm92IiwiZXhwIjoxNzM0MjYwMzMzLCJpYXQiOjE3MzI5NjQzMzMsInNjb3BlIjoiUkVGUkVTSF9UT0tFTiJ9.rycj9LxKCLYVuaaGgyQX1s2wcN4BOrmxFMu9ys79c4unJ3Eq5NGqRr4iwETQBMGSe6a6vN_KGCrCUhN847BsvzG3PGnR1iSA3K072TpumUde-EJ81glTmoUua5h0PVrmu7xpogHLzFQ5q8SSWjjJ4V1B2eKAwzmxXNxkmpohnxOw311G7kKhiwgkeOXTEX7vnBnt7XtTM331UA3-w0TRspa5YVeROT_bjGBSUdqfRzhSUtj0mP_ZEqWBe1ueu7Lw6uZlZxDCAMLvW3M9PzoMNHvtKkZWR0PXdkeSgXPuwdTSE1U2mkNj6K8yK0W8tmtm5S-PyTvWOXD2notUNEKkvg', 1, 10),
	(17, 'eyJhbGciOiJSUzI1NiJ9.eyJpc3MiOiJjb20uam9iTWF0Y2guYXV0aCIsInN1YiI6InBldGFycGV0cm92IiwiZXhwIjoxNzM0MjYwNTgwLCJpYXQiOjE3MzI5NjQ1ODAsInNjb3BlIjoiUkVGUkVTSF9UT0tFTiJ9.oHsLvs2XtNY_VrxXa8IwIc2lYuSry9r_b6BNDmHTaWOyLwDrN62yIXYtCRc_sN0PauGnI1LFGsScxeAab_kj2jr9bhE_shw8PINz8TXhzXAcxroLgBYGRJgByf6O3Chzt-EKTJkgk5imb06tYfxk2QlSt7OM7UhunP4U5JbuAgkv-FJJePFYq_W022v3zNycvRUbEWSBCZeRMchD4E-sY7tLMoo_L1fx_v-mT0hFGqBDX7LUJtmNyAK-aqFI9uhNzbzS1msxLpv1DHyc3ROIKgskkhpPUj_rdtarQQH2xkO9e2mBGExWsjOnkw1kYvkOrJaij5_1S2--dy9gV5kYKA', 1, 10),
	(18, 'eyJhbGciOiJSUzI1NiJ9.eyJpc3MiOiJjb20uam9iTWF0Y2guYXV0aCIsInN1YiI6InBldGFycGV0cm92IiwiZXhwIjoxNzM0MjYzNzc5LCJpYXQiOjE3MzI5Njc3NzksInNjb3BlIjoiUkVGUkVTSF9UT0tFTiJ9.shwnkoKcMkmsnodwRP-y0i4fvHeMCN2HnTDQvX_sKvWcAvjWN1LZgqlHTYUUeRxlRRXbnE57tenyGwsN152gYkdV2ksb3p46gvQ1gRYZpZus_s2vxBnVV8sOBshxaeZ3ZAFZx3kwKg72HA3ceWKdLSk--5wQRzvIYO8_4MBxHt8fihTkmiJ-OIb4SuFuXrYp3x9nD6eHAoVwUgpgrpG-T370rQmM82UPU2G9oEcx5CdOm-XPFwcqiUlcDvocYJ7rjAjbvEmBG7DoXF7vQR0LRaOA2Uf3JEA9S56jLT5Bhn6bLMKHxe6qlA-U5r3_WNFcsLgL7j1yBdfC_s6DACWBeQ', 1, 10),
	(19, 'eyJhbGciOiJSUzI1NiJ9.eyJpc3MiOiJjb20uam9iTWF0Y2guYXV0aCIsInN1YiI6InBldGFycGV0cm92IiwiZXhwIjoxNzM0MzQ4NTI1LCJpYXQiOjE3MzMwNTI1MjUsInNjb3BlIjoiUkVGUkVTSF9UT0tFTiJ9.E6VfctNazT3Gv2pXZA7ylVa5gOxAChCiooEuGfa5AMTMkIlr51JbY76MSNmSjKNp0cJxteP0sSZd0_qss_4MkFXDAtYE8rys4bli6Ib9_WFG6wp_j5_s1u5N_eIhI7c_sJvdW4ZdN7HTTYqLHTcv9xBHXfYbuZjZGGxXBgSGkPlNphjGcX9O1v_D5BXFqK-z-h3ldqUSuDe3BFFqQZfAJrqv4_3dl4eLZYTRBy2aG2x10UTy0l3XyDeQ79lZdiZjYZmx_sdt4rp91z5NfYrVC5W4XMHs3XWl-EjLxc-tOjvZpmCMByYNQwWEY2La-jY0_n0ciYO4FAVciF3ipGvsYg', 1, 10),
	(20, 'eyJhbGciOiJSUzI1NiJ9.eyJpc3MiOiJjb20uam9iTWF0Y2guYXV0aCIsInN1YiI6InBldGFycGV0cm92IiwiZXhwIjoxNzM0MzQ5MzAyLCJpYXQiOjE3MzMwNTMzMDIsInNjb3BlIjoiUkVGUkVTSF9UT0tFTiJ9.U0XHT95tOoACXmT9m6XQ7S2FoAWape46ku7x8SYIgrB9fNuab60WTvR7oPM-819Od4luR4SXM0dkkM4bSo42PXwUBhDNoRedrrVaGTdbglmnFzcsyj0rkDQMpKHTjQZy1IWdA7BkNBJ2Qu4eaYpjofgociDmkHYD4YlSqeAYmlxdJXSYYNMu_ifR0N8AIF_ojVJeqVS3gJz0jT_GI6lJz33o9ALYLP2yGhRTQZx5usdWn2m4ZJm3RxOQ60H-FN69ZxqkEFhf2n-_pBwT57d9RG5dNtxPgmPOMjCxS2hfoZT0be64c3zsFbSwvuo8A-gcQ3OIgxU75uzOjRHC-UUpoA', 1, 10),
	(21, 'eyJhbGciOiJSUzI1NiJ9.eyJpc3MiOiJjb20uam9iTWF0Y2guYXV0aCIsInN1YiI6InRlc3RDb21wYW55IiwiZXhwIjoxNzM0MzUwMzIyLCJpYXQiOjE3MzMwNTQzMjIsInNjb3BlIjoiUkVGUkVTSF9UT0tFTiJ9.SdRnlQcZu1BFGevrFnoWSaQPJ8SxwOveEAyTDM-KmpTTuFoXyk9s64lkXtIGwQBujVl38c1Iny53iRoB5WMklT9QZNra9EE8aip9VdgXZ8X1Sg6R1y450PXq0vAAo28EuA4rxL6LfGiELTv3wdE5wXgu3nTOkFoMT-omD7ZZnAZWmuGPuHc1iQdPUMgQe-ttDFzHUmIUpStWA124BbhZS9wPWHazeYs8IcDdJTgoPz0-SEovs4DwmKLPAzLjJh6S789CQVMBxSGeyU5Jo2SP7pVaOAJ-TKbpP6m-9H2zqIkxkel3UhqeKrvR8dQQxpzWHcWkxb3qb537g4b2zRhYIQ', 0, 8),
	(22, 'eyJhbGciOiJSUzI1NiJ9.eyJpc3MiOiJjb20uam9iTWF0Y2guYXV0aCIsInN1YiI6InBldGFycGV0cm92IiwiZXhwIjoxNzM0MzUyMjU0LCJpYXQiOjE3MzMwNTYyNTQsInNjb3BlIjoiUkVGUkVTSF9UT0tFTiJ9.T4LezMA5_TSM73BX2eZxL2F-mTTkEs6zaZl0qkaUvzlKVU2gK-4JKiS6eUGzWXC_Z1GkC0R0CpbpFQCDD2dR61vvmvEzKdph7Cdb2BWtwkW-llj65CcmiuxQsZ5MfTOzoc0axtOcadi-FjlqtWE6ce5yxAor1ZkkXnzCFT3Okpx0LzzKgo29wAxMHl6p_pDTHrTfsQopN9CNoSh22kLAGiP9NWkd1NgPT3VkYkASec-Za2Q5y0NsqOEQr575u0p4iavQn0uY7nsbchM_2y71WrTI7Hra7v3LgNIoVKvd_4esKZ7uwNmO6oAIcgWv60J9q_FMa98EUuoVK8Iv7rYbug', 1, 10),
	(23, 'eyJhbGciOiJSUzI1NiJ9.eyJpc3MiOiJjb20uam9iTWF0Y2guYXV0aCIsInN1YiI6InBldGFycGV0cm92IiwiZXhwIjoxNzM0MzUzMjA3LCJpYXQiOjE3MzMwNTcyMDcsInNjb3BlIjoiUkVGUkVTSF9UT0tFTiJ9.WdA-3G9jPar3SaDjyiDlgaJC_HXnnDtOplf0UuXyDLY_K8X521BpFTShPrtGhjtt4k4HZC_3XwsK8CSrQz32hEzFpe3xtanV-e-nOWP4RSKuXQOxFIbpYDLYTFqa_g2Fy0_x6xgJhSKQ8K4WK7tBETSriuOFjONizbXDDMtjSkPbXSBEC0HX9Uj_Fq4Ji5h8a2aWyDRFmecK5kU01Pp47rSbIKqGpoblAdTr-lZjtekFGMmgKUeMqBKLcAZuzOSpN6vrZik3ma-028u-YMggup5WXp6qMJZ2RAqOcXyQqz8MtPrJhV0qWpxdzFNCEBPrqHn_nyVeQE-GdF6K1OSzKg', 1, 10),
	(24, 'eyJhbGciOiJSUzI1NiJ9.eyJpc3MiOiJjb20uam9iTWF0Y2guYXV0aCIsInN1YiI6InBldGFycGV0cm92IiwiZXhwIjoxNzM0MzU0MjgyLCJpYXQiOjE3MzMwNTgyODIsInNjb3BlIjoiUkVGUkVTSF9UT0tFTiJ9.tvV0D0Ygwi1TRAaQwMTjqjebV31VaUSj1aWYZKnrMbroky3l579VSUJ6J0akeXzr9GoioWMMdDCvmQWO_mf6r_NvFb91rY2jYq7F65H0euEufbjvnCfPqnUq129SwWtH4VonVlFve8_UyVOFvcH457muI-ri5yZk3U5kP0atGEN1_Oo5naNvfXTC82Ai0O9WI86WPj_KuUnzgOfeTqcPYWiiYZPnfucEeENLcVEuVPW4omQhPs1OnB8r6YiI83xqzpgXKZaK-F_SEibVpLOx7wKmpFwi5HAF4Ddz9sGrzRYwLrk4wKKdS3fu9q1VYV9QAHdjV085qYMZUJ4ftZLUoA', 1, 10),
	(25, 'eyJhbGciOiJSUzI1NiJ9.eyJpc3MiOiJjb20uam9iTWF0Y2guYXV0aCIsInN1YiI6InBldGFycGV0cm92IiwiZXhwIjoxNzM0MzU1MzY0LCJpYXQiOjE3MzMwNTkzNjQsInNjb3BlIjoiUkVGUkVTSF9UT0tFTiJ9.ZxgCdL9r3kf_WPlwQ6LdtgsD0jTTYHNu0mV1x39P7KdKSp_JtNu-lBwtaitYpZCUZM0afRs5nJrgZ1Wz6dULVP2SIzB5SOD-Vdtdk1uymd87CFkb8ku2txucJ43Fs5GjoRELfCF8EtEWMxCIPvfA6DxQrMDq6Gq6rDc_NdqsqxOxc6ztg4Qf5yTjL-QfKFyBbvXuXjrmpFikTgrIcoQ4Dflk2KfVT4evHNHfmKoRGtF6Hh4Tb9nDDZ5m_Qxd-vwRYwKcNpsxUP4oWhSoTw-YkR2XwpQqmpDGQGEfR2ImsspzG6QuygabQ7BL_Gim1BgSBjEBqaYb8wJXP0jwBANofA', 1, 10),
	(26, 'eyJhbGciOiJSUzI1NiJ9.eyJpc3MiOiJjb20uam9iTWF0Y2guYXV0aCIsInN1YiI6InBldGFycGV0cm92IiwiZXhwIjoxNzM0MzU1OTQ2LCJpYXQiOjE3MzMwNTk5NDYsInNjb3BlIjoiUkVGUkVTSF9UT0tFTiJ9.o1nHOid5iJ6NVUlrXf5EZmE-8KrjMT7VhSezxtuvyfv_FqkOHJPCEjHEkXVATaJU-ONtrpCDRPZSX9SzWqOIyp16652h3IqpeokuA24eQ9sqCogjTKoaZ1VsO5VO2Y7Me10QiM1dwrqXxR77z1McTucBzO--sycD7pRIycNyr8NRfG8nzR5AP08GVJw5Kwvlpbl9-9aomrxDMPSm3HnvbYdvsnVX4ktZKCtSdXkFb8Tx2Q5ZSEFWolVlGfUzh44g2g6WjMuI6RhdfcdxLkKxCwT8hK5pWmjcBADlDbVDeehgphx8LG0TzFEmcOFHRqt6ZofCPauDtPJZKUQDtKuFkg', 1, 10),
	(27, 'eyJhbGciOiJSUzI1NiJ9.eyJpc3MiOiJjb20uam9iTWF0Y2guYXV0aCIsInN1YiI6InBldGFycGV0cm92IiwiZXhwIjoxNzM0MzU2MjY5LCJpYXQiOjE3MzMwNjAyNjksInNjb3BlIjoiUkVGUkVTSF9UT0tFTiJ9.uP3-b_WmoQzT6NwMRlEs4FW2Siacu4UGo-2dgTbh3tzGbAUInT-hgg-VyFj4xYeHKLPdmzWAxSUbYLq0kJ4vRmU7QhkWnA974u22v2mEpyfz2JiSQz8D9Ql0Z8ehDGGtiJlIUMOqVMFk7McCLVd7ShWQ3dWOGXU-tXOZQhE0hPu7-96r4Hpd1p6hWIMGiK-f5CNNrsYuFU_kWMQkoKGmRvpokNzzNl6vYeTHfHUg_CpWyqhJKeqfTeATBUgmsIsQnb8Zqt79ibeX8iqDazniFjvGKFtZGbj_B5YcDKlMIS9q8IxcvmdqQeLFkWIXBHE9DrndFwOmlcm5Xs7RUxRdfA', 1, 10),
	(28, 'eyJhbGciOiJSUzI1NiJ9.eyJpc3MiOiJjb20uam9iTWF0Y2guYXV0aCIsInN1YiI6InBldGFycGV0cm92IiwiZXhwIjoxNzM0MzU2Mjg3LCJpYXQiOjE3MzMwNjAyODcsInNjb3BlIjoiUkVGUkVTSF9UT0tFTiJ9.Y3-_WBSqG7Ek8pxUusJ8cJ0iviA00yCcmyUqpas5A_rA54ja8j5vvCMiyI1KLas92lcm31xZwTsP-V3HQfsp8oL0D9y5N1wW5ouyPWUIvGolklHOTLrMh3hBhYm2AtO4rCFnpa6F4LqGu2qaB8ffk-So96r6o6kvgpS91PATXPsNZVfTsL3rRaU8505Je55cx4XxpvwvVm9C7lPQt-MIJc6NWnsY8co3mLSAut_dA70QPeP13Zib_kbxgfZPm6OpWZHlH15TwFFsqMwdnPL36IkB2Ys5PDNXSeu0nzlTa5koaA0mJvItKUi2COEqcUiyc9YVOetswwqPGfP-iKQNog', 1, 10),
	(29, 'eyJhbGciOiJSUzI1NiJ9.eyJpc3MiOiJjb20uam9iTWF0Y2guYXV0aCIsInN1YiI6InBldGFycGV0cm92IiwiZXhwIjoxNzM0MzU2MzEzLCJpYXQiOjE3MzMwNjAzMTMsInNjb3BlIjoiUkVGUkVTSF9UT0tFTiJ9.l233OJK4GKapQ411lZUAEse2nNd2z_Wufv_V2iYN5C7rPSyjoAXHaOmS9UcNBUYyT3PyQsBkq0Zme3_sFRik0h3sq0DzuA0RiEa-aood5jyyT3-y6CWgfESoj5QCbk8EUmidPqVAL3C1H0gFlPO230a6oWZ-_RDPMUvJip51b52UvB1p5CXt1Wy78AvKor_VvXlnsQLgcI92HBCfJWTUq9G3q1DEG8Uc54-g2TRqekbbk9sqLoPx9G-EpIIlsd8vTHImJeh4TTVfMcCij9lGXcZJsajQN_IdRSPLbcfFaKx_ykJdCne8Obh5AFk4-GCiSy450fVue1VzZo5d0s2NEw', 1, 10),
	(30, 'eyJhbGciOiJSUzI1NiJ9.eyJpc3MiOiJjb20uam9iTWF0Y2guYXV0aCIsInN1YiI6InBldGFycGV0cm92IiwiZXhwIjoxNzM0MzU2NjIyLCJpYXQiOjE3MzMwNjA2MjIsInNjb3BlIjoiUkVGUkVTSF9UT0tFTiJ9.RXT5Th4O19g8mhWfst0dGNLnxiqtgP6MRwPC06HFjPdyuY6BA1VOrsAUSWyDfW6g1Zfv8jxPA5LJZkQBwJCz98MJikJbgQw_dd6nt4PZjGuvBc6MGnJB-sWmUcIIJ0OhFw8mA-BsL63CvGKq6_DuJ3u63k5VN-J1qMxg0J3v9nxCyVp1eF_nx9pRan26kW5eWxXXeCBThoWSdxoTGmjL4el-Rx7ktkwgwFi1N6-gZLnzZ6AM-5KpSQGZYwgsP28wLoIH8gOWyuFTU83I2FijMN6wq0CSGTW0MUV8WECcN_AyhMUEwXTNQF5HVvPDNJqeBbWUcgamTujDaj1-rFlNmA', 1, 10),
	(31, 'eyJhbGciOiJSUzI1NiJ9.eyJpc3MiOiJjb20uam9iTWF0Y2guYXV0aCIsInN1YiI6InBldGFycGV0cm92IiwiZXhwIjoxNzM0MzU2NjIyLCJpYXQiOjE3MzMwNjA2MjIsInNjb3BlIjoiUkVGUkVTSF9UT0tFTiJ9.RXT5Th4O19g8mhWfst0dGNLnxiqtgP6MRwPC06HFjPdyuY6BA1VOrsAUSWyDfW6g1Zfv8jxPA5LJZkQBwJCz98MJikJbgQw_dd6nt4PZjGuvBc6MGnJB-sWmUcIIJ0OhFw8mA-BsL63CvGKq6_DuJ3u63k5VN-J1qMxg0J3v9nxCyVp1eF_nx9pRan26kW5eWxXXeCBThoWSdxoTGmjL4el-Rx7ktkwgwFi1N6-gZLnzZ6AM-5KpSQGZYwgsP28wLoIH8gOWyuFTU83I2FijMN6wq0CSGTW0MUV8WECcN_AyhMUEwXTNQF5HVvPDNJqeBbWUcgamTujDaj1-rFlNmA', 1, 10),
	(32, 'eyJhbGciOiJSUzI1NiJ9.eyJpc3MiOiJjb20uam9iTWF0Y2guYXV0aCIsInN1YiI6InBldGFycGV0cm92IiwiZXhwIjoxNzM0MzU2NjUyLCJpYXQiOjE3MzMwNjA2NTIsInNjb3BlIjoiUkVGUkVTSF9UT0tFTiJ9.PyGQZbOgWK5d4E-Fu_63M5BEPkO_5OyFzr6upx1nui1f9rdWrxCjb9Kd-j2TUlt7-wDkz56zn8oaNXPtKv8CUqH-0xT7ICYE-6D0HsZsYXhythRprPNJKfULtHsB_WoffiDLaQ9VqsM4sHhvmPo6arYkcNk4OTy0_tEfdKX0m_oePdRDzvmKY5cW0zCcewtqRhhJ9hTySJNN3ATmRx4-VPZidXHkrW5lH3h2V4ynS-99Xyj_4yRVdhSy5dVOYihOJNV2qpXUVkCsJTDRACzxixjzMNEPeqEXC6z3Nb-GnDDnyNIPWIXrLroIb3cPZXm4_llE3LYGKRxnjZUPEmw1aA', 1, 10),
	(33, 'eyJhbGciOiJSUzI1NiJ9.eyJpc3MiOiJjb20uam9iTWF0Y2guYXV0aCIsInN1YiI6InBldGFycGV0cm92IiwiZXhwIjoxNzM0MzU3MjI3LCJpYXQiOjE3MzMwNjEyMjcsInNjb3BlIjoiUkVGUkVTSF9UT0tFTiJ9.GJET7LOom9QX3Si5rScVe4nMMYaFDqvtrk2lLDfScYFa0pSqRbeY8w44bF9lmjI0LUoMc-_M85Q0lFeXVpDe8zp7xT0cwhY6tD_Fmjo2mZIs_W94PLDFaLgMAZlI4IV3RBkHHaw0_zPq3XxLejM_A-76a1aEEPyvqgbp6tqQKnqjxsaf1g8bS4D32jBcmzefoFWFEU_Lle8DHIeWpyH14JkPBh_VG2S75P-M_2DXOeaKBnGeyb3aof3mpmFxcv_TC3jf6w1EsxVQByhdItyHDF2zoWSpcEpT7uXN40dyRG0Lb0qY20U_XVx3XTM4o18kIRNFGZCVD69dtBqR8YOGfQ', 1, 10),
	(34, 'eyJhbGciOiJSUzI1NiJ9.eyJpc3MiOiJjb20uam9iTWF0Y2guYXV0aCIsInN1YiI6InBldGFycGV0cm92IiwiZXhwIjoxNzM0MzU3NDc2LCJpYXQiOjE3MzMwNjE0NzYsInNjb3BlIjoiUkVGUkVTSF9UT0tFTiJ9.BhYf9bXcyRaayDCAoWMqiB3IwLg65zqqMANQJhXoHhZ1Knw9juz2bzdmUkqcslt9BteOSZ8HL4mT3huExbkLCj-qH16RDksaefQgwRi62uuEilTkwLs6jXLYXLR_sQsCO9ueoDiy5e_-amYhdmoXQ3Jb-hCwMuLDSCBLgwQ3Yv3UcmTUMR6N-WIZ8lSO-0PFad49nmeny6Adx7WJpciw4rinj5hAI2NrsbruuV6DIP3tpblvxj0rlhAELwiytIrxKkytEKmQqPWS65MKpslKQkw3i4i2IIKqeI8_l7wVddvr0kAio4AbrcuQgoClkBddDKAtoMTFZywXUPSHGO6TRw', 1, 10),
	(35, 'eyJhbGciOiJSUzI1NiJ9.eyJpc3MiOiJjb20uam9iTWF0Y2guYXV0aCIsInN1YiI6InBldGFycGV0cm92IiwiZXhwIjoxNzM0MzU3NDc2LCJpYXQiOjE3MzMwNjE0NzYsInNjb3BlIjoiUkVGUkVTSF9UT0tFTiJ9.BhYf9bXcyRaayDCAoWMqiB3IwLg65zqqMANQJhXoHhZ1Knw9juz2bzdmUkqcslt9BteOSZ8HL4mT3huExbkLCj-qH16RDksaefQgwRi62uuEilTkwLs6jXLYXLR_sQsCO9ueoDiy5e_-amYhdmoXQ3Jb-hCwMuLDSCBLgwQ3Yv3UcmTUMR6N-WIZ8lSO-0PFad49nmeny6Adx7WJpciw4rinj5hAI2NrsbruuV6DIP3tpblvxj0rlhAELwiytIrxKkytEKmQqPWS65MKpslKQkw3i4i2IIKqeI8_l7wVddvr0kAio4AbrcuQgoClkBddDKAtoMTFZywXUPSHGO6TRw', 1, 10),
	(36, 'eyJhbGciOiJSUzI1NiJ9.eyJpc3MiOiJjb20uam9iTWF0Y2guYXV0aCIsInN1YiI6InBldGFycGV0cm92IiwiZXhwIjoxNzM0MzU4MDQzLCJpYXQiOjE3MzMwNjIwNDMsInNjb3BlIjoiUkVGUkVTSF9UT0tFTiJ9.R59o0XX9IhYbSbg15PXexDHP30VRAbVRC9tlVWwN8cGRNbPxwFbfDQC0qrviQRErqTK_BRuKC_DtS164xDS7a3R6BDFjXL8G8UgCx9WLAiB6zz1LIlZ9FkMl2PycbujNkJqdC8ModiSi71ITSwVW9KYLE-aP3YkHOeYf8sz9ROkvTLX-bU7fiwpUtTufxI3Ksg5cFk12rPdPAHDmaRjNWL1JwOKgwILmiFKeiP3EkL91Iz8sXsc9CInbTVfqYdzMbhd-OAWDAe72ZkMI75An-J0G28hySIU8id7iYy4pUqyjpup80UDbR_2T8L2arBAuWQsDXmHRWCr1G1vAkIzdcg', 1, 10),
	(37, 'eyJhbGciOiJSUzI1NiJ9.eyJpc3MiOiJjb20uam9iTWF0Y2guYXV0aCIsInN1YiI6InBldGFycGV0cm92IiwiZXhwIjoxNzM0MzU4NjQwLCJpYXQiOjE3MzMwNjI2NDAsInNjb3BlIjoiUkVGUkVTSF9UT0tFTiJ9.J1Na-cu21x6CyDjvoOAtie_sRLzmyVpDHBSJmAfkAl_hxhsXWjmMSByrqrsM5KbiwhU1j5yzNOGSZ33pLIEBZY-diZTo4_GGckLx3E1b1EfSvFGNMoO2bLaGpXaRthUpS6qvTKX5CT9UEsu5zMfL6WiQOiFB95XKRbA96fUalA3cDEpQ2TyZYcyT2O057tKV8g-n0_L1VAFvEn5BAOSp1nOz3jChbuONNMDap0wMX2KZIZhAk8qQMSEsqYp18Hm38MYlvp-gIomxsRsR0FBKWFjHislMZDD7WPUthYTs2vqfur6TGoWntMvOGQ_NEJKVksJFNnyQjdTVAmCjj3ccUg', 1, 10),
	(38, 'eyJhbGciOiJSUzI1NiJ9.eyJpc3MiOiJjb20uam9iTWF0Y2guYXV0aCIsInN1YiI6InBldGFycGV0cm92IiwiZXhwIjoxNzM0MzU4Nzg5LCJpYXQiOjE3MzMwNjI3ODksInNjb3BlIjoiUkVGUkVTSF9UT0tFTiJ9.lZ6ssLQ6Ys318n6FoctLdB8UgTdOxO6bU-4YH-KbhsH54q4Dybw1Yo3YJYC-OKLol6wm4BqcCcwSKDVzYPZE-8WJcet0jrfqmo9W1jnO5Y57EAigN3XvBYN-dYELCwG6s4bqNVdG0YqEooRy-XbAaZ6pIBXhd3zn5Gwyw7DrQ3RG7dtKWKfTqDkkjL2SO8Gq0iBBIKdXWFhwveBBC86MkkDYJXBz1rQy6oDhbaj704b6PAbhjbFjDJjIkVCJb3Yrm7Bi0SY9rguGlzJfxO5dq5qsqdlqX7g2M6EJPPx2AD33y_G4np6ZPXxTcA1UEJFqdrrIvYOTFSU3RSZa8fiapA', 1, 10),
	(39, 'eyJhbGciOiJSUzI1NiJ9.eyJpc3MiOiJjb20uam9iTWF0Y2guYXV0aCIsInN1YiI6InBldGFycGV0cm92IiwiZXhwIjoxNzM0MzU5MDE3LCJpYXQiOjE3MzMwNjMwMTcsInNjb3BlIjoiUkVGUkVTSF9UT0tFTiJ9.SZw4l8rETH4kIeKlDFYYYcyldhU33NLJTFIK23U2UncqGWw48WbPmnrtkHuccrwZgKrQtDFrGOESEYMDsN3OyGDyne0rRCDmTvJWeFjJksFcc285JdZ9Z_lk8MC8zlThkEHajLmg2otKq63NaHAUXE8Hdsa_f7f_uvNWT4VDlM5FGqYq8jM13RS7Ef-OERCx6LHFQ2JNzQtpJGzy0iL0_xzW0XcoaFTuCLV7slBRFZPWNu90r34sm6eu47y_TeQDvA7J03UXUn3v7hjfoQCZctoUVOUuDv2AVLB2kjjd_vyoZTWGrIa4gpGWQnOL4USn5OtlH8dKjfe5jhnOcoS3SA', 1, 10),
	(40, 'eyJhbGciOiJSUzI1NiJ9.eyJpc3MiOiJjb20uam9iTWF0Y2guYXV0aCIsInN1YiI6InBldGFycGV0cm92IiwiZXhwIjoxNzM0MzU5MDg0LCJpYXQiOjE3MzMwNjMwODQsInNjb3BlIjoiUkVGUkVTSF9UT0tFTiJ9.CidL4IEn9bwTikzsPDOe0c_enn9bILjV12nGZr2ur9wwzWgMFl-EPm55Y4IRKoqoCrcRHOQLksMLu9o0NFw5Jn34I9XgjP91JkBoCaSRmrW7K3AHzasV15PiW5vsaN1cKD3YLyg-EYSyCkL3NEzw5db1ly3lix27KyLDdTPZb3rLB3VbyO0H5YmUG9cdHxGercbALzdImqSAsF4b19TDXR2oys_IF3DPWQroZ0ZMhX3oIj0yJRU4Y9Lji54Ivlu6L_DtfGQLl5ckIpgTmOGuRHX1movJ1CwDr2v4gZvp4w9ObIDXhULrTwmcAtcIK6nOkISEIdEqgeei19Onrwy8dA', 1, 10),
	(41, 'eyJhbGciOiJSUzI1NiJ9.eyJpc3MiOiJjb20uam9iTWF0Y2guYXV0aCIsInN1YiI6InBldGFycGV0cm92IiwiZXhwIjoxNzM0MzU5MjAyLCJpYXQiOjE3MzMwNjMyMDIsInNjb3BlIjoiUkVGUkVTSF9UT0tFTiJ9.mfvLVD7qnNZffecid14yUZFhy8rLTUeSdaAiBf_IvwC1dbs4KungKE983FNUCy40AF07uN3fReM_k3bGYQkSrSAQLWDwz4oEKwwnGrRE4rNjBXaZjpaMZFSvprXD4FvoSIuXjDoGwdC254vTDsP7PgzF5lMe4aTgWfMB2P_Ubg3zDAB55oV9TmQ-XWT2YbIsPvmEBCNTmDnFxMAPf4RNuh9WxerjyIux-xvYER59aiXpv7L4MDfbcS-9Q1YjWyUMVR-P1QL7c0sPuVWAYyx07u_pqNxzbDOWJokTpKrrA0NTBdmlEKEEbKb1T5-BJgWiCRODH5uGjs7S3idIAJuYfw', 1, 10),
	(42, 'eyJhbGciOiJSUzI1NiJ9.eyJpc3MiOiJjb20uam9iTWF0Y2guYXV0aCIsInN1YiI6InBldGFycGV0cm92IiwiZXhwIjoxNzM0MzU5Mjk5LCJpYXQiOjE3MzMwNjMyOTksInNjb3BlIjoiUkVGUkVTSF9UT0tFTiJ9.uQwD818PIy6bdDr6MBvFyouWIHfbCYLzuqsc5fT6Lg2S7ySR-Hk9RO8IkC7y3KU0SpTxb3wM2DoAXdm-5L9XqGI2h89EDbkFN5P2WQ2wvBz6ZryaT9PEistmWCqzY9kWFVJ8wqD5pcUZWJYGOI5MwDORUoQGILOocBEuanoVvPiK9FT5UJHfYwnGbUzhcdIvcD8tl4LOLyx2HZ9LnCiBqMFj2osj2NWNmMmWYZk3b8nJl9KYBwk2LflZbPLCkBmMB6tkeh140eH3LhI_UyczmRfIgynohU6xM3b15B-IrNzuXCNtcsfGSDEz9K51v1wVf9N84WMC-cxoJd_XfvAZtA', 1, 10),
	(43, 'eyJhbGciOiJSUzI1NiJ9.eyJpc3MiOiJjb20uam9iTWF0Y2guYXV0aCIsInN1YiI6InBldGFycGV0cm92Iiwicm9sZSI6IlJFRlJFU0hfVE9LRU4iLCJleHAiOjE3MzQzNTkzODEsImlhdCI6MTczMzA2MzM4MX0.T_Hjc33HKkZfHpaUQSeAReREVjgHzFiThf4_Dj513qply0CW75lRv4xDRaIJcDnJ76y6Hr5LhQ1fbxfx3d4bEC2XbR-UTVWAZPfmi8puxjjuvXFFL6en5lWX-FcoFBatuO4OVNUajuLH0VWNAyAVlILRLe2RJ21d8CZejLZxyEtpv69R2El60uYerlRAxdBLy3JwQuwkno0B-QIM1773xAQpsfwHtH1tv00-uEjbQjdufRr6HX7lQtftS6cB963BLSd0ViiscwlGrzaWnMtV-pHb1J5cjNbV5YMZc1hpZvN818RU9QUNC5hVWJR1bgGafW6ZzLRGst70q8Djhc3CTQ', 1, 10),
	(44, 'eyJhbGciOiJSUzI1NiJ9.eyJpc3MiOiJjb20uam9iTWF0Y2guYXV0aCIsInN1YiI6InBldGFycGV0cm92IiwiZXhwIjoxNzM0MzU5NDg5LCJpYXQiOjE3MzMwNjM0ODksInNjb3BlIjoiUkVGUkVTSF9UT0tFTiJ9.bw7R8urJcPY9JC46YCfiwPsASFHVOhANV4mS3GqUt-Je7Oz5smiNIAAuWZ12rmWPM_u86aosKtRbA8U70kSKOr6kAk7DwA7KDhUb26GAulVo0nSAbgCxXAM5sh1bQISHPSoIg5TEST0XaSpAm79J1RIPVurA8EPQGCZet_rhTFrm1rtOm7hqsdUrBpSEjQ93zZour0Bz2VqdYt6i83y2LuXZ0KhUzAX_59UTT2U_P2J8FnRa2TxFAvDnVLHf64Oai_XIdegSGmulRknBGOECvbMoOkoKWkzkKwpr6ssKE_MhuofPDAHwWuLMWAWKPVRQmTq_xHUpJA4MPUt5UenNfw', 1, 10),
	(45, 'eyJhbGciOiJSUzI1NiJ9.eyJpc3MiOiJjb20uam9iTWF0Y2guYXV0aCIsInN1YiI6InBldGFycGV0cm92IiwiZXhwIjoxNzM0MzU5NTc0LCJpYXQiOjE3MzMwNjM1NzQsInNjb3BlIjoiUkVGUkVTSF9UT0tFTiJ9.afplRmj6f35YlysvG_Q_O2oNjSjAvax1bCiRGgUJFyuCXFHSyDcb25xWr8Iwo-YYSXjalR2lsd5WxB44rzI7NzwAbA4vntKV2Yy6VhKR7UuBDtzBSfoqzO8-34mFVP-etvXs1H6IxxK9P9LmyPtSrIstgRvRPMHthkg7vCoF6oH6072qolgtwKwvJhKatYUoHGraQTYMinQwNg-BgHjvOC-n5vTv3CIUWKsj6knx2R9yR1NZAf2XFcEcVLuRQVAiN10EYrXLhD8q-Kn7vROo4uzCV8d_F8jnOqlAf2AemC4eMR2USMX41-fWsaT8JK6_kWpHg05qbTRtiYY_rbsfYA', 1, 10),
	(46, 'eyJhbGciOiJSUzI1NiJ9.eyJpc3MiOiJjb20uam9iTWF0Y2guYXV0aCIsInN1YiI6InBldGFycGV0cm92IiwiZXhwIjoxNzM0MzU5ODM5LCJpYXQiOjE3MzMwNjM4MzksInNjb3BlIjoiUkVGUkVTSF9UT0tFTiJ9.X1jZW97E-_vUDqpkiZfRXJcAfSr98JnVRUUq3eWEfVjlbYKdOi9pEmLLCv8hM6Mw0EKJDDHYMgWVmdJYZV678NH7kA9XWfe-1XKs0J2PsBcf8wRS4igX0Y_9eb7HdipdJzFaFet4LJHx4xUpzRdl6R9FU3wMsu2AfLZ5orIDy0DsVPde4cbW6v7ioMgvDf3KQCv-wOuFrshXtaTkqBlcDuNvXhE0xwFlHSgBg0uSSXju7mFa9dwd1fbu7IttUum60h9F9qkZ8DNytXFv3mN-Zlk52NXAe7PeIEZlQjZZrtamRbzSXJZdC2yZyMTuFRQYY55UcaVIx3XA7JQXC-s9LA', 1, 10),
	(47, 'eyJhbGciOiJSUzI1NiJ9.eyJpc3MiOiJjb20uam9iTWF0Y2guYXV0aCIsInN1YiI6InBldGFycGV0cm92IiwiZXhwIjoxNzM0MzU5OTQ5LCJpYXQiOjE3MzMwNjM5NDksInNjb3BlIjoiUkVGUkVTSF9UT0tFTiJ9.IPOdLgbuP6vr4QeBZwMAoK-55i3QmyCQwEo2FTg_BQb6sP_b8UO2GpMidipAhuN6ix_qJxEui_1yOIev-M4R7VWypRqCyz8Cvov4R_5PPun0sm1FN_Zxy4hV9qiIUPbdn9KwDhq_CurBrD7_DsKtWcjgXR7teKEV04QDvLplYFqh3lkr6ofgmb2qeR4cdHighlH3NXVEsWBxCMvb-HeHO_Fgo-X3BpDEICYLInKBeL_semkAfSFt43HFhFbWgkLNELEMi1xzWYVsi9Cl6BPj5Jc1gZ9cHF5lpsJiamINwtJeh5EmNacOjzbKgXhRbqbcy5fmMSthidqu0qaBuv4tcg', 1, 10),
	(48, 'eyJhbGciOiJSUzI1NiJ9.eyJpc3MiOiJjb20uam9iTWF0Y2guYXV0aCIsInN1YiI6InBldGFycGV0cm92IiwiZXhwIjoxNzM0MzYwODQzLCJpYXQiOjE3MzMwNjQ4NDMsInNjb3BlIjoiUkVGUkVTSF9UT0tFTiJ9.njWejeVq_Hz1F8tGrZIDOV9lFP7xH26RQ2KwaOfZdCgzvtgcPniP1KaqTIJ1dYqye4QoYRhm4CDnPUHgJCvGTpNRoZHmRTOxuMmTNVUv9AJkfMQITRXUnLLeXtrACuEaiePw0tUa9rJa3RZMJLweUoifcEJQdK0NyZd5C3efi3FAj5QOe3MCzu41BcVs0W09QhBR7yKxs_7ptejBmC9boOQPR3j2Dejsvq3SVPI8aTZGoEZYpJppdKUWsl18YiKAMO_IM4Ur30LSwc_nviavqERbUpukZ8jU_aJKOqk7eAiFgevbBv84KI_hMOjPybavWZAmiwa68o9WXY9kubL1bw', 1, 10),
	(49, 'eyJhbGciOiJSUzI1NiJ9.eyJpc3MiOiJjb20uam9iTWF0Y2guYXV0aCIsInN1YiI6InBldGFycGV0cm92IiwiZXhwIjoxNzM0MzYxMDM0LCJpYXQiOjE3MzMwNjUwMzQsInNjb3BlIjoiUkVGUkVTSF9UT0tFTiJ9.Y7mZq1gv5i0ap6jn_4A-XhLfZaqL-X6JMJcRgyISDaTG_RznwmqgfaD9Sslx8VF2_2zBSHcb7rg2N2kqUKnCs30bPUC9O3MaIwUaBbkZKMiaM7pIRTDF9qnofGUIprxCHz4ukCrWmKm7_X1D13FtI1kfDuXNsHWpZyI7GSLH53F8VO0e2braA5CkmboVPD_4QFQ2IGa8UzLCYK-goQjcBydWItm0va1mOzzQO1sBrae3ex78XFcdVXlewYzHTGGhZwDGO1EvODc1soB7nKh_zNSYRUQ6cpjcqokpE-kOuTjsQ6K9LbLEv23iLdEqaPJMbCkG8wznffvZi7yv-BSNUg', 1, 10),
	(50, 'eyJhbGciOiJSUzI1NiJ9.eyJpc3MiOiJjb20uam9iTWF0Y2guYXV0aCIsInN1YiI6InBldGFycGV0cm92IiwiZXhwIjoxNzM0MzYxNjEzLCJpYXQiOjE3MzMwNjU2MTMsInNjb3BlIjoiUkVGUkVTSF9UT0tFTiJ9.UZ3G1wrglRGSj5qxoL_OqHddmKX7rvChhc70zmde_ZvgTT_IoAYAIbgcBxt4yklsz7gf4dMAo3sjmXlJY3l-TXOtZLalJxZMPDz6MYHzRLZWHMS5Qv5_8TeExSVsLWOBawpbItscxo6eTawPkTXsfzwebmBVStuH8ydbNzIAxnNylygBM9j5ck4xeB47gm3_UpfFhqsKAE1ZzAoq39t4G2UjlMhkmKGgNIVVuf3u1bC6hi8oKwh57rj72TMoaBuJAmgJ8Iby59xXdpYDr6VeN2VeZ3AMWCYn68xhM7sdNU4YrotrCmMAbfIvcnBQfGoDpW5r_UQ7eFEKsAmHjr0d5Q', 1, 10),
	(51, 'eyJhbGciOiJSUzI1NiJ9.eyJpc3MiOiJjb20uam9iTWF0Y2guYXV0aCIsInN1YiI6ImRlc2lnbndpemFyZCIsImV4cCI6MTczNDM2MjUyMywiaWF0IjoxNzMzMDY2NTIzLCJzY29wZSI6IlJFRlJFU0hfVE9LRU4ifQ.MH5wFmqWRwPkpItr4iv2msDXlZ-KC6QZ4dL0ZUDUgiVPSgghPgqRvurLDRb-yLFVqwRnYanPufvwQuRzrgF2zLGW20D91SygQwncBbronu5CQJwXKtKbYyIVDmxbHSnS4ujYKICsLiG5H4tKuSX1u0JKF9h9ugQveJyYzvu-ZMnRM9WNeuLxqgOXvBOO4ImvF6a_Dv43nIyK8OtUKyj9-ScRMhxLR6Dut0Y5lOFxnNS01SBqWO8WdndA30f57azg7Ep5_dFnZx6XmCHRs_vBtGSrwxqYmDUG-SlOZaq8Se4-Akxg505pmgt3CYAgsUrLicDXQUXg3wd2rThOTgLsSA', 0, 12),
	(52, 'eyJhbGciOiJSUzI1NiJ9.eyJpc3MiOiJjb20uam9iTWF0Y2guYXV0aCIsInN1YiI6Im1hcmtldGluZ2d1cnUiLCJleHAiOjE3MzQzNjI1NTUsImlhdCI6MTczMzA2NjU1NSwic2NvcGUiOiJSRUZSRVNIX1RPS0VOIn0.IeTWrcmyXcSQ2zq81JfJeF4n66SB1KUmyU_VX9S5G3LTpKpHUrwtij6iZxCF7SE7jLOTsmcUgvtTaCU1Mq8zQgGGRmd0l4ygVTf0KxLC9D-bt1PdlgRnMeEyc2czMhuGQhZXzIwPh6P0f2aGSI2ef8pk_e2tnC-ZVyP1RGbZjZgHUKeyHNwKPRjq7yjWgT8uyO2syCD2trevwCAqBeSjSnGB9Toqc3kgP2XWQA3SqLabiswFJHPZKGicSudBCFbl3E5K1cRFJ3glnMwDL7Y4kA1upNceUaZhGOsk3kX58EZGlKIPx8VXd-lQe3ZFvFC6ZqJniPiimWQARWhX2rkfsA', 0, 13),
	(53, 'eyJhbGciOiJSUzI1NiJ9.eyJpc3MiOiJjb20uam9iTWF0Y2guYXV0aCIsInN1YiI6ImRldmV4cGVydCIsImV4cCI6MTczNDM2MjU4NSwiaWF0IjoxNzMzMDY2NTg1LCJzY29wZSI6IlJFRlJFU0hfVE9LRU4ifQ.GmanvdyMXBASAUsanWAT2-ee-nL5Oa7Q6fsdwU00teJlzitNi1-utKkfCC0fwwv7ERs2aAx9ZybDxBY8Ky73_wl1WVtHBFx_2pPyQAwKpOsvxuXt8TByCmth7wbJhC_RU-5cWRR6aliq7jV00AigHRY2Zvva0509puhBF3tqLyanPIzQ_C7qbKF_T4lRFywt0nGorsJtwjwWuqh581125zsaqh57earzrIGb8B6uPRirq4zGqMS0Najs6HOckgezk-7Yqir6NAS2FSA98HfF5EJ9_ij1Jay5BT3F0luhN3BXx6B12LwaG-gbSyks4x6_1eTN0CY3yJp4gI_D16R5SQ', 0, 14),
	(54, 'eyJhbGciOiJSUzI1NiJ9.eyJpc3MiOiJjb20uam9iTWF0Y2guYXV0aCIsInN1YiI6ImRhdGF3aGl6IiwiZXhwIjoxNzM0MzYyNTkzLCJpYXQiOjE3MzMwNjY1OTMsInNjb3BlIjoiUkVGUkVTSF9UT0tFTiJ9.F6F7GAdHOCebnhqw4hCegUZI4e_WroaeaHUR73YjjdC7jg9JMWrTNAGkJLTcvKvRp9lKoPDIA3p0oBsV2JzWhOgidDxG5YqQL9DsVQVXng0wj5nESiNkWoEo1hkrmxs3NuCwQ2SBdVAdNsrqqSvspTa36D8lo6jaIMErlyYpkduChvYQRKeg1aJagtsF8tp-rSgw8ZOyUzb9vdFhRiBZ7nG7W-iM9z_twUNQYCLvk0v4-tt1MIjHDw80vb9W-2PRWCPhr8DsL4Ay8MDeuZhpk8NX-T81hjW7h0s-aopKqOFvdHk6FIaH7TkQxM_gsUzoQQkKa2fsTr60xMSp3Uf7Nw', 0, 15),
	(55, 'eyJhbGciOiJSUzI1NiJ9.eyJpc3MiOiJjb20uam9iTWF0Y2guYXV0aCIsInN1YiI6InByb2plY3RtYXN0ZXIiLCJleHAiOjE3MzQzNjI2MDMsImlhdCI6MTczMzA2NjYwMywic2NvcGUiOiJSRUZSRVNIX1RPS0VOIn0.Sctx_SoWBixS3GSn7FVxZg1mdrw4uCzQTkDmpg2mEsent1fdwHd7YViACrYkDjO_iUfGtaEJRbByIM_mfJAquUFRmcyYlK5p9mx4aQKH5iKC1K54mTqm1lrpv5l9qdUo20x0KD1ePI6k3YHyeLlKzojdSlsa2uII0cLhgmDoZFDE8HdpXu6LNJNsxMtWQM2lk9_8jPD3XkAHpcio95gCECcbRkszPTRLsunvrPFLwffelfY6vpTqkkwMyblEvAqYmpa0TsCxu4_i1Xza04s7znYx851wTskbjhlrhda9_1Bm0TY82O33xI77rKPVSaqKbp3V_N4AGVWscE_FRWghDQ', 0, 16),
	(56, 'eyJhbGciOiJSUzI1NiJ9.eyJpc3MiOiJjb20uam9iTWF0Y2guYXV0aCIsInN1YiI6ImZpbmFuY2Vwcm8iLCJleHAiOjE3MzQzNjI2MTAsImlhdCI6MTczMzA2NjYxMCwic2NvcGUiOiJSRUZSRVNIX1RPS0VOIn0.ItCIKm4BOADM7gWWC5gQoy2uw0SuvfpQFWffOymjR1Uvz-Nspan-kD1dqdHzPX_b85u42OOYH3ueJH2xWgGAzlJBG8xY1i7Ta7DWcZXlvKTQhCGLhdu2ph4am3Qx8VCHcvIRA5FTynXYlbSdl3n7sJQGX0jVVwEJuhtPJzvuj0bqlSgGFnFS_u_QBLnvfxl33NKXkyvKBZr4TckA-DGq3Vxjc6UpxSH_aZDJTd0G75BV45RNew_YTteh92xFc0y8sNToUvpM_Dnf_jGAMUG1Jw4qB84Nx7ode_Fzgge-IgqwoDPeAZdejTRtiSTTop8IWeKM8wFgyakrmTjLtNIP_w', 0, 17),
	(57, 'eyJhbGciOiJSUzI1NiJ9.eyJpc3MiOiJjb20uam9iTWF0Y2guYXV0aCIsInN1YiI6Imhyc3RyYXRlZ2lzdCIsImV4cCI6MTczNDM2MjYxOSwiaWF0IjoxNzMzMDY2NjE5LCJzY29wZSI6IlJFRlJFU0hfVE9LRU4ifQ.sSEJf1jrFlyb3hatLg8HR8bLm-BzsBN9exJ3bdEaiiPFoI85oBNbiBgrrb4f_Hq0iGj0xVKWoeZNgg6FXdSLYJ8h9PNNO4A-BeMYpfzBA_R2IJPUDfGkRIlrXVQk96p5o1r1vF4BFoEOLjiRIU3dlRDCmqQhy2C1jwNEz9EQV_v1vWWZgFuvkcqfl3oGH8_MULbRbvmvP0w0R14VH56qro1r7IH9797MzIjKUL1yVUKRV01ylh4oDqOlzS7Vf6qHwf2Pqr7CL9kxl3xNzUBN6tD8xG_bfQ9bUf9ZkaCUOrrJHnWJZ3y8hsbAVtg9iKKHjPDoKiu7jU_1M8ordXHr2g', 0, 18),
	(58, 'eyJhbGciOiJSUzI1NiJ9.eyJpc3MiOiJjb20uam9iTWF0Y2guYXV0aCIsInN1YiI6InNhbGVzY2hhbXAiLCJleHAiOjE3MzQzNjI2MzIsImlhdCI6MTczMzA2NjYzMiwic2NvcGUiOiJSRUZSRVNIX1RPS0VOIn0.oMlxRRzpuR0pVntKgbvqHWzV__LMPwnY8knsUAH5D0bIJMIvoW_jFJvwBffTdVbYilgSOGeQEZ55mcAi_oAfidmJQaF4tX0M1ml_iFbDVQbu3HKQPqsAb54FsMosOBoloPWvyWPKMJnwM9Y48vIAtzudARZ9qBcPWyHF47fx9DOmLqgiWMbKIVcqRXBSELJBbtfcqAX-D8Jt0XN2isn6ylpEV_coB2yg1OdHDKXk9n1uvzv90C74-Y-gB3avn8aVEClB-qTp6xMKoxaxOs53Qu7b1KJ2AmpWmcAVtndtI8svzscaQO2M8KwAadXIccQZjqDHiZJInhQUVKLwduQHhw', 0, 19),
	(59, 'eyJhbGciOiJSUzI1NiJ9.eyJpc3MiOiJjb20uam9iTWF0Y2guYXV0aCIsInN1YiI6ImN5YmVyc2VjdXJpdHlndXJ1IiwiZXhwIjoxNzM0MzYyNjUzLCJpYXQiOjE3MzMwNjY2NTMsInNjb3BlIjoiUkVGUkVTSF9UT0tFTiJ9.dyOki8ZZe6MpuMr6HdxMDVgroib1EVS3d7XJuzY5Z8FGxEuTqpY79a_Zogai-gE3PgM8Cpo9DBkR0BIidHmmgLxVHhkIXeOLpOZaQuesBYgjXJkL3dbf19C0pPQP0-WqGpRipAV9MnTeBMZkcMT063U1y4TYUq-Ww74T4KY25efqs2o3OHlF-_fZ3_n7cmVs-msyigwe6pf5s-wVtuqA1wjhEnvDNGi-o_DrI2XjJ3nF03q5jPYn9dLAReaPyrs3S6AMdtka7m-xOVLQDCp77N_1ovVq0z2gCWWJT53hql31HPjlvLg6z8WWE4wMY4JrmXeI1MCXxM2EFeqPNBGlVg', 0, 20),
	(60, 'eyJhbGciOiJSUzI1NiJ9.eyJpc3MiOiJjb20uam9iTWF0Y2guYXV0aCIsInN1YiI6Imlubm92YXRvcmxlYWRlciIsImV4cCI6MTczNDM2MjY2NywiaWF0IjoxNzMzMDY2NjY3LCJzY29wZSI6IlJFRlJFU0hfVE9LRU4ifQ.aUAgry3eYzkK2jJpWrIA3fBmcTSyyxwuF8ih3bbC6jPLe9WzrcpsNwKtALKpWBWFjzOGVygKWVD8cJv2xjsD_PsdvMelYrS8qr0CUcXBrR4Qq5FIfsp_I4YK7FH3vUwSHdwpmYl-wIjToSCU2wyweltvtLrJvLSYfYpw_vXZOoaHLn6yJzoVHerv4Wj00IAcsrHSfuJaJytY1rvsOZw4u-JuWXvfPtjnq7y2DmwESlr5-Tc9GPY8FKrlNpH5LAegL39UNniIUhBmZ9_fVYZkkFOx4WM9c9woPNJ2368qciXXFkOJCGfuSdFSce8SwKJvumAPxmzIl6BbXS2c8hYkVw', 0, 21),
	(61, 'eyJhbGciOiJSUzI1NiJ9.eyJpc3MiOiJjb20uam9iTWF0Y2guYXV0aCIsInN1YiI6ImNyZWF0aXZld3JpdGVyIiwiZXhwIjoxNzM0MzYyNzM5LCJpYXQiOjE3MzMwNjY3MzksInNjb3BlIjoiUkVGUkVTSF9UT0tFTiJ9.QZdnLdc1z0OyGi9-YGgWCJAvUP1dEtf0BDXljmk5Crq8N81JSC6-82ffqdv6nR-bjoN0f_Zhmp4HiZaVLahTf9AGzDT79W2m5D301WIXtHxWYY9j7UL9fqy4IiGt9RH7VTv6jvxSir1xJ6glA50Rk3emygI9exGG4-YdbI66XNrhk_ceIWcFK2Uu7u7M6bPNpLGD65VU6wGL1eB4eWZIlfJN48QQGEtEpyX6qWSIu2bKL8ycVxdi5B_rfzRUT_De76Tep5It8crrOaCOIRYVPWreiVuhAWXrY3ut2Rki4LAQsDt3SIjj9gI12lP1cYmwJfrp_nRLKAB9vG7NziiPJg', 0, 22),
	(62, 'eyJhbGciOiJSUzI1NiJ9.eyJpc3MiOiJjb20uam9iTWF0Y2guYXV0aCIsInN1YiI6ImxlZ2FsYWR2aXNvciIsImV4cCI6MTczNDM2Mjc0OCwiaWF0IjoxNzMzMDY2NzQ4LCJzY29wZSI6IlJFRlJFU0hfVE9LRU4ifQ.aOz-anA_edWLCMIL3WfE4upJ-HsyOovKvsb1J-97NNw9SvwIhlmwn5UrSQ7kT7ZyEwhMX2ciAm-tZ5zDJDLTAGz6QOStfZml26LzOExbEXuU0J5YQXttb75R-K_l7YluMh-pBy6xbo-bddzdBj3ATNBiZ9_vYp4UUml5WegAWNfI6Oc4e2yY3QjPeF5D7GurFAJtA4tXDJ-04jXLzbbSny8SwQTv-_z_eUbcEDC7CpHe-m99lEcDEGr7R1LE7maG1-hKdIo6VhGQwO7F2FA4YckzEXc89cvYvOAgl0wlZ0pRkVM3GHbU-ofB1KSrSwgFnCnPnHHSikyv_hfxZBv9zg', 0, 23),
	(63, 'eyJhbGciOiJSUzI1NiJ9.eyJpc3MiOiJjb20uam9iTWF0Y2guYXV0aCIsInN1YiI6InV4ZGVzaWduZXIiLCJleHAiOjE3MzQzNjI3NTcsImlhdCI6MTczMzA2Njc1Nywic2NvcGUiOiJSRUZSRVNIX1RPS0VOIn0.bzTMpv1fiwkxfggvf0WPeaqV5RRjoOqUosQTF8etMDlAD8uP0vPJJMazMY2rCbiWoPQNy_CzhZX28__kqRKIlBKSgE9Eq4l7AhVTKXC4pXumVm66iGz5qtOIAeSvjywh1TGgnHgxkpXVd5IP5rlPOzhY5c3dfWvC07H5JgOpyQU2JLCRd4uOaJw3WrDzakDQsBdioMhYzoBhlbbJW4H8OoLyVL1yC3_RhmLmYI_4pQnUHvO98BX6zlLTAAtSdoy40xW3NWZcOBLn7AdnqOkq2e3yiZdhF8TERcM5Mvj19BE3PjDka1g_36dHPHNHIdVIx9Lu9_ju_A3bgrr5lgplpw', 0, 24),
	(64, 'eyJhbGciOiJSUzI1NiJ9.eyJpc3MiOiJjb20uam9iTWF0Y2guYXV0aCIsInN1YiI6ImJ1c2luZXNzYW5hbHlzdCIsImV4cCI6MTczNDM2Mjc2NSwiaWF0IjoxNzMzMDY2NzY1LCJzY29wZSI6IlJFRlJFU0hfVE9LRU4ifQ.hXbjX6hFbLhBg7SNYH-fEquSWc6ty-C4qclZUYs5gmRNJQga8x0QjdPuJLc6Uv6MMzPLZUxzYpkVVa7zYTYxCBwI6XHjcBdDDAD53y1PNcR3FZqb_xDgdpNUoEYLjyJSQLk0VYPqgN9HpGtJ5JhLQvpb-9n98huKlxNhApVdZvErKlrTPYZLejxo_tpnRpUaObxP5c33H4g9raT44WesenT4zA4xHlWLPk13V-0i_VgpMOAuIQu9O8Ao74HodM_bxwZMp_a2b4r9yS2pYhmqQsiBGNjEz2VbsZpDANoqbleQhpZnOr92i1SYL68SYDCcNqu-xXAopkBoqvAE3dvBHA', 0, 25),
	(65, 'eyJhbGciOiJSUzI1NiJ9.eyJpc3MiOiJjb20uam9iTWF0Y2guYXV0aCIsInN1YiI6Iml0Y29uc3VsdGFudCIsImV4cCI6MTczNDM2Mjc3MiwiaWF0IjoxNzMzMDY2NzcyLCJzY29wZSI6IlJFRlJFU0hfVE9LRU4ifQ.R-FG0mgIqC7tVeBikulmhNbtZf1HAWgBHfF-ftHLj9_Nh2FD1F-66SB8WwQIFReslgb8arrV7sl6WfdF0femnkMgkdJRkGlnwi48aZI9w5kreLR6DrJKed6wZy93wyhQBUzoCNXjz5bC3mrCugXc1AtM6z-7T3INOnSIrt1Z6xo9LEJG9dG0oO4_TXlerspbCCjOwYiDGHDCfmo1qkLofdqi2hRGgkOAZooLVCQszm5sR9956DK__-aarN3hXEXcdvXa4DpUxUuOZRsrOsy6FKBacBmKhYcTLZKFXZMzbknOEHBOkFkZafs9W1OLWrYZJSZFuwXCjeMr2ideKGQmug', 0, 26),
	(66, 'eyJhbGciOiJSUzI1NiJ9.eyJpc3MiOiJjb20uam9iTWF0Y2guYXV0aCIsInN1YiI6InByc3BlY2lhbGlzdCIsImV4cCI6MTczNDM2Mjc3OCwiaWF0IjoxNzMzMDY2Nzc4LCJzY29wZSI6IlJFRlJFU0hfVE9LRU4ifQ.b5utFzqWzfquvYE6QE_Rc81XwxymToRZvPetmtGe6xEvnhIQ_h1JbucWQf6J0kWERc6OJg41Zd8FVhWc45BIKohHluxQbxAgu7jkAMkQithGtvfmNZOz6RbfIaPcQLQmf4hMOM8_MlwevS_KbKyLoiuRD8_7-vBffb-WOMWqqaAjYDqmp-Pb6u0js3b41MZqoeo2m5CmqfCUVGCSQbxzkwth0-520o3S3tJzMd0cG2mG6d_WK3tgzbiAvW8yMfysspdGLjB3CLbf6PuU112ie_jAAIzoFZalqNPKkIY_uZnvI93z3FnOFzs4aVjy3UxR4pcHNwLK2EXjPQlzyUkyQg', 0, 27),
	(67, 'eyJhbGciOiJSUzI1NiJ9.eyJpc3MiOiJjb20uam9iTWF0Y2guYXV0aCIsInN1YiI6InNlb2V4cGVydCIsImV4cCI6MTczNDM2Mjc4OSwiaWF0IjoxNzMzMDY2Nzg5LCJzY29wZSI6IlJFRlJFU0hfVE9LRU4ifQ.YW4mUFYsRN7j1By7zm4l7mJKtXYuqfHwLjYI4IUwPDHToDM_dGhfbs3LV40eorPUB3-yOiMFpX2XUxG2Tq1uDWsY0hSgtJPnS-Gyc8BatBH45Vn3YxCrXNywbtiTc3N03aoniOzM8clDgWvK3tFyntZk_KyI-PBToJp89K_XNQsLWgXBNasWq8jkH9y9tipUEik1b6zSK-sUSx2iFldXoj3Ym4EhhNm3vkTAdsKHAzwrd6-5FBijwvK0T47iHzdcQpfWXidaU0ebj4aj0JTb1dnGcrGqsI_lL0D8pisayLCoGCfxGG0vgyOUMyaGTTSERr8YN-uBG4591mnAa8-EvA', 0, 28),
	(68, 'eyJhbGciOiJSUzI1NiJ9.eyJpc3MiOiJjb20uam9iTWF0Y2guYXV0aCIsInN1YiI6ImNvbnRlbnRjcmVhdG9yIiwiZXhwIjoxNzM0MzYyNzk4LCJpYXQiOjE3MzMwNjY3OTgsInNjb3BlIjoiUkVGUkVTSF9UT0tFTiJ9.QXxDB-vA_VRKheKU4XW_bu56cdfqzeVCzd-SKkJ27K3jMvWZdI2dNMGFRoX3uvqsU8x_Ri7o8KrINzz1OiH4zi6zhqiXgKSDIpJsi_gHvh7HEOMPc6vgTSo23YpF-jha6ODjB7UaN8dGCvnGkR-sWAVeZfDodrjjQpYSnG6KiU21yiLZfExRLSwMBhKdSP7dsZBoOQECXfhRzJvo1cQX1_cdEn2z_2muddjSmw-0UyMOaPqtusQYCV96M1xdFvFT5ZqPQR4BtVH2XQ7Op9Pgz9AaMDg88lg2Gu28o5g1tlUobNYqGqdH4AdNmONRJ846Evm1h9POYfxOPFH_lCamxA', 0, 29),
	(69, 'eyJhbGciOiJSUzI1NiJ9.eyJpc3MiOiJjb20uam9iTWF0Y2guYXV0aCIsInN1YiI6ImV2ZW50cGxhbm5lciIsImV4cCI6MTczNDM2MjgwNCwiaWF0IjoxNzMzMDY2ODA0LCJzY29wZSI6IlJFRlJFU0hfVE9LRU4ifQ.Y5VodihxpjWSQcBXEPX5PXcwedMZT1RwhKw4Upoo5efEipDXFVKNVFpTzaJ-wXTWWjwjjMeqTO___urqUQg-VOHgAOtotKia1lzChDjRGLJXNvH9WCawIVLVt2xFNqBNYWZZJBLbMcxbxCba9QhntZBGVDyFEfE2SODE_nRqwsJ7sMUyOYJO5xM9LsCdpaSCatv48uu_elMAv0z05p_be1tA-ahxPEXws5KJ-QjQfTdSidgWiCfwnrBxtz8Rm32K3R7MMgydah3_Dy46utwIgzSVt-hIUwZAyZtTMA0lK_LOCqeqCIYAHlhOGaK3lFjCCCvAuFVEWmdOIWdRrIPwKQ', 0, 30),
	(70, 'eyJhbGciOiJSUzI1NiJ9.eyJpc3MiOiJjb20uam9iTWF0Y2guYXV0aCIsInN1YiI6InJlc2VhcmNoc2NpZW50aXN0IiwiZXhwIjoxNzM0MzYyODEwLCJpYXQiOjE3MzMwNjY4MTAsInNjb3BlIjoiUkVGUkVTSF9UT0tFTiJ9.sIYr5MG9z2o_YL2PHZtghFodMmKSt9p_Q9DDdJc9OI-hQg0iHE-05dKCIxKtFkON_GuUWp0c1v8YUn07C2o812aIkaaCR5QNAA2oOYstpg_mavH9ntu6mIJ33giC32OhUfMexhLlbIZxJBkQtc279rAq0zgmjB0RyQX5uNzGxI5QkjVrwgNipkTcDpb7O_CAS80HtfegGPlvwKA6pQjhaVgPfVm2bgvh2i9fitft_VH7wNW5rkUT268R0d_oowPJNB2U9B892kuHrvPQMPByOO-ugJzrXcELduw-jigdBtRimJ5YVBg1lcVCwHwEay56GhDU8x-VAzAMGjo4qYfjlw', 0, 31),
	(71, 'eyJhbGciOiJSUzI1NiJ9.eyJpc3MiOiJjb20uam9iTWF0Y2guYXV0aCIsInN1YiI6InRlY2hzb2x1dGlvbnMiLCJleHAiOjE3MzQzNjM0NDEsImlhdCI6MTczMzA2NzQ0MSwic2NvcGUiOiJSRUZSRVNIX1RPS0VOIn0.X0k30FJYa75P32J9mHzc8ecXBD8QopkdmkQ2w6DYnp8na5Enemnwf5r79G6rjnBl_CWIIsUmLU5iTZF7jnNSu8u1CwjwSDtHLpHiXrQ-nDUUbibAwx8xDQdIdlDp_9UAnwurgGQZFb72Jgx6VKnpdjuMWm-i4am-qu1A7Z2d9Sp3I9VbrTy33otaCYSGeENlv883rdEZhXOmpnRyDacxJGpCLZ1kwJmim3migeEdmhYYX5n4coMi1QRio7t2cskyyi_qYFoiJ6IBXkCsKu7W_wD_lU--aAuTWeOyj8O2Tgt_XoJvNmsiZE2oJjTirY9HDNL_hrh4Kyvoud3ArsbQcQ', 0, 32),
	(72, 'eyJhbGciOiJSUzI1NiJ9.eyJpc3MiOiJjb20uam9iTWF0Y2guYXV0aCIsInN1YiI6ImdyZWVuZW5lcmd5IiwiZXhwIjoxNzM0MzYzNDU3LCJpYXQiOjE3MzMwNjc0NTcsInNjb3BlIjoiUkVGUkVTSF9UT0tFTiJ9.PNjElEpV5dvwiuxlLmNSnKzVNwr84gkYf7EZc4FupaDoc9wKUbAiiqZsIdNDpkM4hi7vDD1zxxKC-D4NXSZUucY3HhYpIVyRTTIemHmeud-k-ibrK773sLwl-hVqObzGmwYmxn6kr5-506DhM8fItLAyOh5JrB2faoHwv9hyS8l0o0chUNBbF-1_CroL_k1VaGzVdDpP3pwy2_DYlvexL-etXzYoGf9F_s4yoNEmltJD03-DL5fVYnOGIsyc3oN3jedVArJYp2sPkf8_bd4gE9ycHAHno3TsC29znjT_VEUli8O3sLnJvLn35xDTQAO_pcoJbNIHMCHUZJY9dl461A', 0, 33),
	(73, 'eyJhbGciOiJSUzI1NiJ9.eyJpc3MiOiJjb20uam9iTWF0Y2guYXV0aCIsInN1YiI6ImZpbnRlY2hodWIiLCJleHAiOjE3MzQzNjM0NzQsImlhdCI6MTczMzA2NzQ3NCwic2NvcGUiOiJSRUZSRVNIX1RPS0VOIn0.d3GzeQue-4E-gh8ffzwOwviR3_iQKn5i6cwfwiXNr33j9Tu85V5JHJqaK7wuNXrEucuebCGRvsN6f-7yEBe5HkddT2mVKXTIE-mXv7uRdoQUtVjMVd2ewPJl8TjLSesjSd8MdZwMkq_EQGYBX0CGnnJyx0UDxDfyDLC-rJLBwuR4pMhKV-Nu4pt-_Peuf3_WSNOuim96VQjszX0G-CpSLuTkfV8Datt1Xt7ijUiC1v0H_xCaYmWWLjYX_ghVU5oQ87Eyj2WNseLEmItnVnkxKOaABQSibPgbalvH7Hn3gBi-N2uenARWI5Lx_xmCyn4IkivDGy3_Q4-JvwkFZyI7Vg', 0, 34),
	(74, 'eyJhbGciOiJSUzI1NiJ9.eyJpc3MiOiJjb20uam9iTWF0Y2guYXV0aCIsInN1YiI6ImhlYWx0aHRlY2giLCJleHAiOjE3MzQzNjM0ODcsImlhdCI6MTczMzA2NzQ4Nywic2NvcGUiOiJSRUZSRVNIX1RPS0VOIn0.DagY6Ug18LmtVUddcCW1P_YkHJx7uPNmG61VUREHAKoCMW3hn91AWkZcKHKcXKPCUMp9vuzYuuaKrlb4R50vaWMV6I2oLJQYLbgXyNl-AYPJLjWh4wzqJhSxqxkuHlVMXsntZ4mHU1LdHPN5ubs243Kn-4i2FJ79Q8i93v4aPi6kjTsS6_KuusZMJO9hWTXrZr5dNtlF1NhC6YdPew6SX0yI8ff0Rzj5I9GuyxsI21irsyOhIjs_hxfL46n8b1sIaOXtuXAUmfgIA0aQjmcsbfLH6yQ0V1kTnrJX6BFX7iX_HLngNcAOIYJRp1-tBai6CyVP2maz0JnlFPyCTfLFEw', 0, 35),
	(75, 'eyJhbGciOiJSUzI1NiJ9.eyJpc3MiOiJjb20uam9iTWF0Y2guYXV0aCIsInN1YiI6ImVkdXRlY2giLCJleHAiOjE3MzQzNjM0OTcsImlhdCI6MTczMzA2NzQ5Nywic2NvcGUiOiJSRUZSRVNIX1RPS0VOIn0.fm4DMESU3Zfb_9837OcWjUbxe4wIzYOlNjJKbHOWjvZYIUburRCT8pgVRe_08WFQLj7ljuHwhO0BUKqbDL5FWWSbVZgrmB-fe1t1FwOw2tkprxq784GhF-eNyopDL0Edb5_7Xdqjr4sLmAl_atesC2AVLvzmwT4XJRz65aw1yW-0hMfiddUhKfMZixM3eMYSN0C83ZG2jgEndz8330WPBrgT9Up84BokhoH1F4tLdaSkRSZjJYeAjWXbf9gkn6B4sKPmaXnV4PJEM9ZyX7ISn55Qir5ua0MRBSyXauBRjWIBo_wRp80YgwD1pxeBfWhG0qP0t5I52-R-CFcrQMoxvg', 0, 36),
	(76, 'eyJhbGciOiJSUzI1NiJ9.eyJpc3MiOiJjb20uam9iTWF0Y2guYXV0aCIsInN1YiI6ImN5YmVyc2VjdXJlIiwiZXhwIjoxNzM0MzYzNTA3LCJpYXQiOjE3MzMwNjc1MDcsInNjb3BlIjoiUkVGUkVTSF9UT0tFTiJ9.HYTI55gsqNluaTGooiSr8EiihbpIMZggS7Uk8HBE2RwrVdAGlUnyasD4myWmSaGmUH6oCBh9I_AedK2jsJUJfLxweAbU-eBTQN30CRpetODdtWmiG89zVLjqnLv4YwvKCkYBAaam7WwuK8o0fzslJRpbce03yGjRdIfdaQ_bmqtPXwZpoFgc3o_4yfJaQgNSe-owgCqenzdBWGIfnTTf1_FzVokILelkrQcNZd187hyOV70DolqxCxDozJ5cr_f2u5waX18X_vh83BFoy8ggOOmfXw3qANdXm-p2HPbL6cTniysHDqCt5Y7OC7nDu1f219-i-eOZsblZe9Kj7lC_ow', 0, 37),
	(77, 'eyJhbGciOiJSUzI1NiJ9.eyJpc3MiOiJjb20uam9iTWF0Y2guYXV0aCIsInN1YiI6ImZvb2Rpbm5vdmF0aW9ucyIsImV4cCI6MTczNDM2MzUxMywiaWF0IjoxNzMzMDY3NTEzLCJzY29wZSI6IlJFRlJFU0hfVE9LRU4ifQ.qUTaDegrSEEPUxqT7dts40esNwKHhmf0zpURySewglvMfIW867ukE3NHkO4ZIY-kXKHq5Wrad3NwBUN7xS1mEfUgFxjgTgnOVd5sF5uip9VRLVowBXbieOkliUDlwsCYsWVtKIcz6aI0J9vHpcqIEmPO-ZDUwzZUDkVrn-2a9D0al_lAoQj88yYFI_UlVrTm3reCaHNAGso2SMc3Smf7b_RC62K7Ogp3koZwnNH0rLdk6MF3cFCqZ5RwgewO5FOM5dO5vvdKibUFkYH3EKojYeRgQHnpjhEBQNtDBJmUWzvl47cDinBoEsbaI26I1ooW1Cu5ehBaXAwLqsKA_3DyXA', 0, 38),
	(78, 'eyJhbGciOiJSUzI1NiJ9.eyJpc3MiOiJjb20uam9iTWF0Y2guYXV0aCIsInN1YiI6Im1lZGlhaHViIiwiZXhwIjoxNzM0MzYzNTIwLCJpYXQiOjE3MzMwNjc1MjAsInNjb3BlIjoiUkVGUkVTSF9UT0tFTiJ9.IopsfQxZnV_53aVHCPGV8tW1YD_ouHo4QpXQUK16edI6riWH_AKqwnv7yXU1iF4N65ZBfuaKGx0gSV1__PcCED_96P1exBpG06RzicdEETc2ji5HOha-HA89OLX5oFAch9fQD0UUhY2YgzUzM_mWEKChH2NG205bT_ZyJ0OB5egUGuWQGO26PbFCr8niVeqiOrrthIz3e65TJZxOnaYr_qlFsntnEV_uuVR3b4B3Ppnv13BXN7SiRJWtx6jBYn-gmaUDxN8vI4-VG_Y4Cls9WQHYTUvlNgGNmzPYu8siD1XKp7X6VIW9CGT0vEoLlU5E1fhmvNFIsyS6A1aEfPsLeA', 0, 39),
	(79, 'eyJhbGciOiJSUzI1NiJ9.eyJpc3MiOiJjb20uam9iTWF0Y2guYXV0aCIsInN1YiI6InJldGFpbHRlY2giLCJleHAiOjE3MzQzNjM1MjcsImlhdCI6MTczMzA2NzUyNywic2NvcGUiOiJSRUZSRVNIX1RPS0VOIn0.PGs-kp8vw8uTezV6b65kbyx5vMCrC2o6Q5SkgNhrdpTRGbz1Jn0X3Fhv-Ubr19b9PihzUnD5-l1k3VGVgH8lfIpNvACJ8z8m4KA3R8B6At82cnDX7T7LP0TVNmDfrJrTrBxKiipgWX5iciqUvm93VMlx-XOJKjbvdDib6zCc7MMxxv_dxaq0BD9GXZ-Qp6LXsELy2EELAHtkwS-oXdyBZ3wXpJr1X9TWtTvW_vXmPRUZzlcBfaXO4OkY34GyI1lGIL4BEfH3Auru8bYi4VvsGMfKEoDptkWMIK9Ql6-9VyNIyuPK_R6ugLoQZCBcHOtgRPKHQPQnp0pW0612kOSBzA', 0, 40),
	(80, 'eyJhbGciOiJSUzI1NiJ9.eyJpc3MiOiJjb20uam9iTWF0Y2guYXV0aCIsInN1YiI6InNtYXJ0dHJhbnNwb3J0IiwiZXhwIjoxNzM0MzYzNTMyLCJpYXQiOjE3MzMwNjc1MzIsInNjb3BlIjoiUkVGUkVTSF9UT0tFTiJ9.E1z2NzjRE-_Jx-dRFVm4reDf4WgJBEhVPasYEmgbG_VaXF2wsMJzou23Py09wCnCpquEVWkTYb8f67aDMFk05wlNscchDgc9DJGD-LrHWbQnIWF7YpTGS_R5O7bUsQEKS8sXJtu7H3DNwg6coW2_sG74wh34ivZK675v7gu-hJbx0EP_RVUNRSzCZlxSPPXFctxl3je7BCV2_KsmqtF6-0TfGMEZGYcE4uWN4dQNGBZOS419WPv20-tnzGeWq2h_0T9Tn0OPYEbFeNOvS49u5S6FiVj4VeCxFJABzmEBoZxI5XY0dldRDDvOWoEGySXkaynhJhmMjmc3_J4byhP8NA', 0, 41),
	(81, 'eyJhbGciOiJSUzI1NiJ9.eyJpc3MiOiJjb20uam9iTWF0Y2guYXV0aCIsInN1YiI6Imlubm92YXRpdmV0ZWNoIiwiZXhwIjoxNzM0MzYzNzIzLCJpYXQiOjE3MzMwNjc3MjMsInNjb3BlIjoiUkVGUkVTSF9UT0tFTiJ9.au9HvLKo4RhCTfj9r7yPv_x7rsuQJXAWoYrCrsCMfRUoO4iepko7KvwBMVudhJ_rFytov9HHcKphZMi2HRcMRLIHrSb0eyMVwf6-9Eg_weB1CHgsXmbiwwPo5Xf5FU85m4PBbiWEp730jRAQppOCStdOcPK9-IIKXjH0ZS6JPkWoDt4wtXlSkcbRxvhqXfWhdEXgUj1zEC-L5e_e4pjgr2nKUEtcS9UDao5eDKwOKCtMYhY0RFEJuk90QB5eNB5-OozEKcytfP8gkRG_IOQ5HnoNqp3laB_ZTulrnhUXI892yGiJC8_vyZaiAyZ4Hp6oi14zhbC1Et7rBjMu5OIG_Q', 0, 42),
	(82, 'eyJhbGciOiJSUzI1NiJ9.eyJpc3MiOiJjb20uam9iTWF0Y2guYXV0aCIsInN1YiI6InNvbGFyZW5lcmd5IiwiZXhwIjoxNzM0MzYzNzkxLCJpYXQiOjE3MzMwNjc3OTEsInNjb3BlIjoiUkVGUkVTSF9UT0tFTiJ9.Ink3N448a2QkVbwYcHsrrESw8FAEKoSN_YRK_pR9hZT0a3acYM_u198_D7R4M98qgQE2eV4egOIWCwuQeW-C-GPxZ64kogevPcduKisuR7Jrpyli-pK8D-fx9RXebxPMqSfhPvPmD1bWIOnuQKgzNv1VYq5ALgF__bvgbQRGdCNg0IUXxyTp6V8sg0poUVZPifNkPfSyoJPIXBpbNIMeVfHiepp5KROsfmKSf9qts1l6pzdZSARPYT8AJ0AXMgb8vPS0vHDJa4f1qJM7Uhal1D5F2QsXToyw3L4iB45xwy_ZL2z5-qJ0Iebc9zreWfUXgn_woKHSU3kTKArnlIaIvQ', 0, 43),
	(83, 'eyJhbGciOiJSUzI1NiJ9.eyJpc3MiOiJjb20uam9iTWF0Y2guYXV0aCIsInN1YiI6ImJpb3RlY2hsYWIiLCJleHAiOjE3MzQzNjM4NDQsImlhdCI6MTczMzA2Nzg0NCwic2NvcGUiOiJSRUZSRVNIX1RPS0VOIn0.tF3hgZhcggTKHb88Fz_pAX0jddURaTVLIw5kLM3tEV3pmBMrub1s43_VPeUaLJ2qwoWGad7aDAjC77WGFn7BQu6aAtIWHhA_EOX1CRQhHbepVlDzwr_IHpoq7ZqSSPp_m5zuBWBHjyyGTPck8bU7K9OBnCfSeekn-GTFnialUijxYGh2JjXL-1CXTQAjB1pn_UrTwNprOK2z853fyPPZ_xvsQx2knWpG0R8v7tU1AA2iz_k2meC2l5WgMwJ2LtowXyn3fVD-vn3-PHOgAav3AhekaIvjtQa4z-a6AcBirTDj65aicoZkfo5Rsf-_Llmya6CdivakOw6_dlsEHPTxNQ', 0, 44),
	(84, 'eyJhbGciOiJSUzI1NiJ9.eyJpc3MiOiJjb20uam9iTWF0Y2guYXV0aCIsInN1YiI6ImFncml0ZWNoIiwiZXhwIjoxNzM0MzYzODk3LCJpYXQiOjE3MzMwNjc4OTcsInNjb3BlIjoiUkVGUkVTSF9UT0tFTiJ9.LOr3diz2LqbYLFyYsVyn-qqufwZnCwANZY-TGRN5NoxYWP46pcGtT3-FU1yzhEIDzpXFfKgos4Ne6Hp_B5kJVESCk_zGMXT2iv0Mrtunq7AixCkUa2l4Pkc5ERlGLtpc8GlcLTulee5_bYFaRDo6VaZaPrOx_NYq6FdHfScY4Isds6MX__cBLvWC8f1MPyKCkFz5G1kzxld6NuZfDYtB2eCWeikn_14ECBNr1T1LH41txwn-g_2W9gQWrNteJ2Kp7Xu5QvomLa5CeHxyrGxqK0tkjdO2T7sd4DCcI1x9x-BBrwL3CdbwD0_VGBL-uNvtkxHEnE0i5tVI0hwi-A3wmw', 0, 45),
	(85, 'eyJhbGciOiJSUzI1NiJ9.eyJpc3MiOiJjb20uam9iTWF0Y2guYXV0aCIsInN1YiI6InBldGFycGV0cm92IiwiZXhwIjoxNzM0MzY2MjA5LCJpYXQiOjE3MzMwNzAyMDksInNjb3BlIjoiUkVGUkVTSF9UT0tFTiJ9.O_lF2b2qiUZHDfbtGoY9i-fkqllMj_6WU3l6TzuAoFgnrHGpf1p_GkzvNrFbJODwaKggIoZJSmZjI9eiDpWYjvvcTkAhQQc4NDjuRGVbJQ1KTqW4_XsshAk-lqezN2Jw81Lm4HplRN1AkeKiTHxcglNmZze0lD9lGee5NTy8uJ6OI-yLQPcccz8nouG5B9_bzOhD1-tDXCyWcld3I-VnSzh9VQpMMhOVlhY8q5f-nlEKU8L1olsVAtt_9sxODof_O1VgxfTO_PXCjOjXkQpZTy4cPmmVK0M0iJewoVQP-vpvcIsSEaskctzpqSxB_OpWZgnNCKBJeQEulwY5Yyi36w', 1, 10),
	(86, 'eyJhbGciOiJSUzI1NiJ9.eyJpc3MiOiJjb20uam9iTWF0Y2guYXV0aCIsInN1YiI6InBldGFycGV0cm92IiwiZXhwIjoxNzM0NDI2NDQ2LCJpYXQiOjE3MzMxMzA0NDYsInNjb3BlIjoiUkVGUkVTSF9UT0tFTiJ9.B7A55c-DlFEo-SLvckLe4s4_iu1--io9T3NIPt41iU2FpvWT5DmZ34B660CPds3VPJbdPa9xijM1tZEaEmoi3FKdTTHauklj19Fo4Z136nCNhJb0bIK_-eJMxpZS1KvotoRfSygZNu6QOuEqHvZ7MSAYgnilUoy1LFYpxVHTFAsf_AJmmX9H2pN42jF0ZifkvsJn0HMZ6y7QioUIXFtuCI7-8ZdpZKTeBnY0O9vHJOLfynB7Y3c0NYqQrG075pLi-27179FQCyHrjrEe42tNL-ErG_fxBUcV6kRW_mX9x5nlA5sUxRaV7xl4QNCCXkOOZkfGX2vnYoW0gTIO0SHb5w', 0, 10),
	(87, 'eyJhbGciOiJSUzI1NiJ9.eyJpc3MiOiJjb20uam9iTWF0Y2guYXV0aCIsInN1YiI6ImNvZHlkaWVzZWwiLCJleHAiOjE3MzQ0MjY5NzAsImlhdCI6MTczMzEzMDk3MCwic2NvcGUiOiJSRUZSRVNIX1RPS0VOIn0.Mr8W31nP3n6V-KsxMY_RTF6olv0Y4Q9HFHLxWwBfbPcbPHeTEzG2HPmbVbklW1yIsFpvcb71g9ilNqEOmRXWl9oLZ2_D8hF5msakgadarQEKHLDMITJ5hs-c-Ll_js-AuE9mNMJ0-lh0FMx4lhKA-JEZ9uxJaGcMR3cbNcVlq0ENqvwf7WmrSLlqx0_t1ovfEwal14OkxRF1CEvGrel673Kuwqu9aHWObBTf9C4TSj47MKbnsgunOEdKgtA_qV4dlsTrpp8YVPuIuGfOYCQc0lOpTl8vlG-GRSkVYnoW0S9tziwlveRzJou2Qm4f0DAa9m5sJvlt3eWswkL5CCnK4A', 0, 47),
	(90, 'eyJhbGciOiJSUzI1NiJ9.eyJpc3MiOiJjb20uam9iTWF0Y2guYXV0aCIsInN1YiI6InJvYm90aWNzbGFiIiwiZXhwIjoxNzM0NDMxMDA5LCJpYXQiOjE3MzMxMzUwMDksInNjb3BlIjoiUkVGUkVTSF9UT0tFTiJ9.nkiaSHmKy3peIVKu_pcY6vf3sB-B8cd8CNPmDGQQ085TD0jQ76Tq56rKkCDL_WRlQhk5OA3AiHO937anou30CPw_tzO2sQF6R3LIqMAjfAFT0awO7clZUiTAR8umbMTltXqnF5CUFPEEWeaXvI5TkfZVLp0vBNtQv5OEfK0byU3UTFlzhUkp8KEHUadnyrylZxacQigEug2iBeENeVN2h2s2vfVM4EPSWxqNvMI4XT5mqu8HSetrIdjzAXHO-aKf1je26SbKCwiCx4qZNRuvfnuRS1sqcvQTI5FqESlP_5qknmp1DEKA_mfBo9qq6ZGGd4GPfACWjhpcLclLZlFVkg', 1, 48),
	(95, 'eyJhbGciOiJSUzI1NiJ9.eyJpc3MiOiJjb20uam9iTWF0Y2guYXV0aCIsInN1YiI6InJvYm90aWNzbGFiIiwiZXhwIjoxNzM0NDMxODcxLCJpYXQiOjE3MzMxMzU4NzEsInNjb3BlIjoiUkVGUkVTSF9UT0tFTiJ9.MlSzdCN8qPxwAgfgWjdCP0E2geyL7xDWYMwj1gwErnLs9k1tD29DqBttB7U9-xXX0wRkgYGg10KhTVEiiZ47VzU23vPzRqfDQH8MZCRuPxSw6uaZdZTclWJkxNlK6dfmwn8nkB1NIbkfT1w6VZivxmrVawOB-vgidwFT1lSGsWANuVURaOwcwZc61o9xWaeLCvZZoOwyxGRk_pPoZcK4yFCI6kYPfPkOnvUCBQPt3Kv76o-_3e_1IxTtE5aytjsdGSLcEWSlwFxFwEFJ-D_2s0YVxYtXmA6590LlgQnadeD-h6qiM9lsA2dM1A3qKanv0W1sZfWYPRGBVomYDWxuVQ', 1, 48),
	(96, 'eyJhbGciOiJSUzI1NiJ9.eyJpc3MiOiJjb20uam9iTWF0Y2guYXV0aCIsInN1YiI6InJvYm90aWNzbGFiIiwiZXhwIjoxNzM0NDMxOTIzLCJpYXQiOjE3MzMxMzU5MjMsInNjb3BlIjoiUkVGUkVTSF9UT0tFTiJ9.FTiHKwzCs9goqWppUC9mfIjb2p7InzDAOrfif34w41wr5mMUWjFxT3FiViw_a4EoDRvnLr_tLuEbQWmhERkq5zo1tBb8Me4VUuICBebjUwNviDSwCbFMdA2WFhdknODcjdeFe4MNNoGp8sZWSH7jUjr49D1j0h0MW72GnTSc-52eZnO9jo4LW-gpvVc7AD5hrvQuBfbpZQk1rZOnQERqRurJO3n6XoZL11n02WLssZi657GNxO4FBHVal7J8RljdWRQ2zbFHdY6L9eozTF1TUsE2BbuSJ4Vw93syE9BCmNxixx8xe56FM7uQ3Xn9-LFsRAJelxChPxMTJM9T8B46Xg', 0, 48),
	(116, 'eyJhbGciOiJSUzI1NiJ9.eyJpc3MiOiJjb20uam9iTWF0Y2guYXV0aCIsInN1YiI6InNhbmtvdiIsImV4cCI6MTczNDUxMzkzNywiaWF0IjoxNzMzMjE3OTM3LCJzY29wZSI6IlJFRlJFU0hfVE9LRU4ifQ.JZdfZua9OIwhAD44dFTeAbfaK5QGoiK2SW_Oyvbq9OlU5XPH6uQeEE2YfOq5kzoPrx1-aqgG-iOJM6Biv10Z0jau4lWgsY1Dx3tWa7XcJPsKq4HgT6Rs4y-i6xyHZUnkdkK6Ip-AZEcsPdRAlwyrfIWm7p3Pi8ElqcHXCV9QTmrmDB-fmUkUAIQHP5K5WKzlE6gOSa2cN466CrFba5wdKa1yJyqhuIs-jy4VeQ-8x3NP4luSIO5MgT5v_atrboUylWiOyxuwW0nGJFVP2ZRHY6Nsa_djeqnN3G4l1iusHEP8vaDXMKXnrp61ZalOTpAgbU14GP_Dd1GUB_00XET_EA', 0, 46);

-- Дъмп структура за таблица job_match.roles
CREATE TABLE IF NOT EXISTS `roles` (
  `id` int(11) NOT NULL AUTO_INCREMENT,
  `role` varchar(40) NOT NULL,
  PRIMARY KEY (`id`),
  UNIQUE KEY `roles_pk_2` (`role`)
) ENGINE=InnoDB AUTO_INCREMENT=4 DEFAULT CHARSET=latin1 COLLATE=latin1_swedish_ci;

-- Дъмп данни за таблица job_match.roles: ~3 rows (приблизителен брой)
INSERT IGNORE INTO `roles` (`id`, `role`) VALUES
	(3, 'ROLE_ADMIN'),
	(1, 'ROLE_EMPLOYER'),
	(2, 'ROLE_PROFESSIONAL');

-- Дъмп структура за таблица job_match.skills
CREATE TABLE IF NOT EXISTS `skills` (
  `id` int(11) NOT NULL AUTO_INCREMENT,
  `skill` varchar(50) NOT NULL,
  PRIMARY KEY (`id`)
) ENGINE=InnoDB AUTO_INCREMENT=41 DEFAULT CHARSET=latin1 COLLATE=latin1_swedish_ci;

-- Дъмп данни за таблица job_match.skills: ~40 rows (приблизителен брой)
INSERT IGNORE INTO `skills` (`id`, `skill`) VALUES
	(1, 'Java'),
	(2, 'Spring Framework'),
	(3, 'Hibernate'),
	(4, 'SQL'),
	(5, 'PostgreSQL'),
	(6, 'MySQL'),
	(7, 'REST APIs'),
	(8, 'Microservices'),
	(9, 'Docker'),
	(10, 'Kubernetes'),
	(11, 'AWS'),
	(12, 'Azure'),
	(13, 'Git'),
	(14, 'Maven'),
	(15, 'Jenkins'),
	(16, 'CI/CD'),
	(17, 'Angular'),
	(18, 'React'),
	(19, 'JavaScript'),
	(20, 'HTML'),
	(21, 'CSS'),
	(22, 'TypeScript'),
	(23, 'Python'),
	(24, 'C#'),
	(25, 'C++'),
	(26, 'Linux'),
	(27, 'Shell Scripting'),
	(28, 'Terraform'),
	(29, 'Ansible'),
	(30, 'Machine Learning'),
	(31, 'Data Analysis'),
	(32, 'Data Visualization'),
	(33, 'NoSQL Databases'),
	(34, 'MongoDB'),
	(35, 'Redis'),
	(36, 'GraphQL'),
	(37, 'TDD (Test-Driven Development)'),
	(38, 'JUnit'),
	(39, 'Mockito'),
	(40, 'JIRA');

-- Дъмп структура за таблица job_match.skills_required
CREATE TABLE IF NOT EXISTS `skills_required` (
  `job_ad_id` int(11) NOT NULL,
  `skill_id` int(11) NOT NULL,
  KEY `skills_required_job_ads_id_fk` (`job_ad_id`),
  KEY `skills_required_skills_id_fk` (`skill_id`),
  CONSTRAINT `skills_required_job_ads_id_fk` FOREIGN KEY (`job_ad_id`) REFERENCES `job_ads` (`id`),
  CONSTRAINT `skills_required_skills_id_fk` FOREIGN KEY (`skill_id`) REFERENCES `skills` (`id`)
) ENGINE=InnoDB DEFAULT CHARSET=latin1 COLLATE=latin1_swedish_ci;

-- Дъмп данни за таблица job_match.skills_required: ~82 rows (приблизителен брой)
INSERT IGNORE INTO `skills_required` (`job_ad_id`, `skill_id`) VALUES
	(1, 1),
	(1, 2),
	(1, 3),
	(1, 13),
	(1, 16),
	(2, 4),
	(2, 5),
	(2, 31),
	(2, 32),
	(2, 33),
	(3, 19),
	(3, 20),
	(3, 21),
	(3, 32),
	(3, 40),
	(4, 10),
	(4, 11),
	(4, 12),
	(4, 15),
	(4, 16),
	(5, 9),
	(5, 26),
	(5, 27),
	(5, 13),
	(5, 29),
	(6, 18),
	(6, 19),
	(6, 20),
	(6, 21),
	(6, 32),
	(7, 40),
	(7, 16),
	(7, 15),
	(8, 31),
	(8, 4),
	(8, 5),
	(9, 37),
	(9, 38),
	(9, 39),
	(9, 1),
	(9, 3),
	(10, 19),
	(10, 20),
	(10, 21),
	(10, 40),
	(11, 1),
	(11, 17),
	(11, 18),
	(11, 19),
	(11, 22),
	(12, 1),
	(12, 18),
	(12, 22),
	(12, 23),
	(13, 9),
	(13, 10),
	(13, 15),
	(13, 27),
	(13, 28),
	(14, 26),
	(14, 9),
	(14, 29),
	(14, 13),
	(15, 19),
	(15, 20),
	(15, 40),
	(16, 18),
	(16, 19),
	(16, 20),
	(16, 21),
	(17, 19),
	(17, 4),
	(17, 40),
	(18, 13),
	(18, 5),
	(18, 26),
	(19, 15),
	(19, 40),
	(19, 13),
	(20, 4),
	(20, 31),
	(20, 32);

-- Дъмп структура за таблица job_match.statuses
CREATE TABLE IF NOT EXISTS `statuses` (
  `id` int(11) NOT NULL AUTO_INCREMENT,
  `status` varchar(20) NOT NULL,
  PRIMARY KEY (`id`),
  UNIQUE KEY `statuses_pk_2` (`status`)
) ENGINE=InnoDB AUTO_INCREMENT=6 DEFAULT CHARSET=latin1 COLLATE=latin1_swedish_ci;

-- Дъмп данни за таблица job_match.statuses: ~5 rows (приблизителен брой)
INSERT IGNORE INTO `statuses` (`id`, `status`) VALUES
	(1, 'Active'),
	(3, 'Archived'),
	(2, 'Busy'),
	(5, 'Hidden'),
	(4, 'Matched');

-- Дъмп структура за таблица job_match.successful_matches
CREATE TABLE IF NOT EXISTS `successful_matches` (
  `id` int(11) NOT NULL AUTO_INCREMENT,
  `professional_id` int(11) NOT NULL,
  `employer_id` int(11) NOT NULL,
  PRIMARY KEY (`id`),
  KEY `successful_matches_employers_id_fk` (`employer_id`),
  KEY `successful_matches_professionals_id_fk` (`professional_id`),
  CONSTRAINT `successful_matches_employers_id_fk` FOREIGN KEY (`employer_id`) REFERENCES `employers` (`id`),
  CONSTRAINT `successful_matches_professionals_id_fk` FOREIGN KEY (`professional_id`) REFERENCES `professionals` (`id`)
) ENGINE=InnoDB AUTO_INCREMENT=7 DEFAULT CHARSET=latin1 COLLATE=latin1_swedish_ci;

-- Дъмп данни за таблица job_match.successful_matches: ~1 rows (приблизителен брой)
INSERT IGNORE INTO `successful_matches` (`id`, `professional_id`, `employer_id`) VALUES
	(6, 16, 8);

-- Дъмп структура за таблица job_match.users_details
CREATE TABLE IF NOT EXISTS `users_details` (
  `id` int(11) NOT NULL AUTO_INCREMENT,
  `username` varchar(50) NOT NULL,
  `password` varchar(10000) NOT NULL,
  `roles` varchar(30) NOT NULL,
  `location_id` int(11) NOT NULL,
  `email` varchar(50) NOT NULL,
  PRIMARY KEY (`id`),
  UNIQUE KEY `users_details_uk` (`email`),
  UNIQUE KEY `users_details_uk_2` (`id`),
  UNIQUE KEY `users_details_uk_3` (`username`),
  KEY `users_details_locations_city_id_fk` (`location_id`),
  CONSTRAINT `users_details_locations_city_id_fk` FOREIGN KEY (`location_id`) REFERENCES `locations` (`id`)
) ENGINE=InnoDB AUTO_INCREMENT=49 DEFAULT CHARSET=latin1 COLLATE=latin1_swedish_ci;

-- Дъмп данни за таблица job_match.users_details: ~34 rows (приблизителен брой)
INSERT IGNORE INTO `users_details` (`id`, `username`, `password`, `roles`, `location_id`, `email`) VALUES
	(8, 'testCompany', '$2a$10$etceO88oZOnCcujqiClaPuai7gC4uwaB5CxwxrBAmseCp/vRGRBdu', 'EMPLOYER', 97170, 'ltestCompany@innovation.com'),
	(10, 'petarpetrov', '$2a$10$14dav.Np1I2Z7AXSWu4giOfXq32k9dd3QA8oISf1drb5tprcsFdjS', 'PROFESSIONAL', 50481, 'petarpetrov@test.com'),
	(12, 'designwizard', '$2a$10$H5ShpyzIVNvdOTpjg8xTgOY6uNYByGW93tdI1j9LZb/uWWvq1zFxm', 'PROFESSIONAL', 9701, 'wizard@design.com'),
	(13, 'marketingguru', '$2a$10$9Mn0CzsiNsQLsgZsecWDyuoBcoaE33kSGwAn1ladMzjKVu.fysZ7q', 'PROFESSIONAL', 9292, 'guru@marketing.com'),
	(14, 'devexpert', '$2a$10$IU/QbWOJsbLkzzudGtKDzuB2Hz6tH6OBgNRkDZVbQEl.onnhlCFpu', 'PROFESSIONAL', 9292, 'expert@development.com'),
	(15, 'datawhiz', '$2a$10$U3IfAI4A2tZKge5L8kbpwOh9yuJojJVJTPieAUQYCUppmSRn946Ra', 'PROFESSIONAL', 9292, 'whiz@data.com'),
	(16, 'projectmaster', '$2a$10$eV.rHDCUNGfvbWOaEaNQPu1pThsS1vaypEFbX/rD7xwjKbuid1u82', 'PROFESSIONAL', 9292, 'master@project.com'),
	(17, 'financepro', '$2a$10$KmUbShHdP0Cfyijm5gA41eMpvCbjelwuc5d2IKOeNUuryB4ypuc6.', 'PROFESSIONAL', 9292, 'pro@finance.com'),
	(18, 'hrstrategist', '$2a$10$67SMefqiyN7yFp2Jtr2VzOxWGzIMzqO4MTpp5ryiucUSTk07PCeV6', 'PROFESSIONAL', 9292, 'strategist@hr.com'),
	(19, 'saleschamp', '$2a$10$L5C/qtOvLA2gU6g1C.U9nOO7bzz/azDb9CZ8ohJq8fsN..Sb9kJMy', 'PROFESSIONAL', 9292, 'champ@sales.com'),
	(20, 'cybersecurityguru', '$2a$10$6JHUP9BbWHTzb3k9hepoAehvqmCFrTZOetcoZcMemzYbvXnCYwv3K', 'PROFESSIONAL', 9292, 'guru@cybersecurity.com'),
	(21, 'innovatorleader', '$2a$10$WFk0N6CoHPRU9mKACH3FP.vYA7ACpW4GA9WHkoWCY9clEukjPcKkq', 'PROFESSIONAL', 9292, 'leader@innovate.com'),
	(22, 'creativewriter', '$2a$10$d/VQ4hqq6UDdGw3e28ET0.BQgrcqxf9FEFQ0tSQnQktoTK.ig9n/y', 'PROFESSIONAL', 9701, 'writer@creative.com'),
	(23, 'legaladvisor', '$2a$10$YDVxty8zyt6ptbRLiN/cD.xM/bSMSqCx/SC79.6DH4veo1cZzWWN.', 'PROFESSIONAL', 9701, 'advisor@legal.com'),
	(24, 'uxdesigner', '$2a$10$gE3ZrayjyTltoczKditvSOYRY06WVOnV5fqPZbciYSJ6fsu9/u.C.', 'PROFESSIONAL', 9701, 'designer@ux.com'),
	(25, 'businessanalyst', '$2a$10$2frpemIR9qOVJmoYMDp01uKsRSFDHVhLABjytEt3CipUFpAmDwRJW', 'PROFESSIONAL', 9701, 'analyst@business.com'),
	(26, 'itconsultant', '$2a$10$Szjs4O2D7qZxJEYkGVL.O.DCsPTQ5k/L4nJL2HOKFv2K47xDrd.X2', 'PROFESSIONAL', 9701, 'consultant@it.com'),
	(27, 'prspecialist', '$2a$10$AXoDkUpatqlKbtdsRtCoE.IKfpjYeSe221K3ykCiJ9VSMmPfD9CIO', 'PROFESSIONAL', 9701, 'specialist@pr.com'),
	(28, 'seoexpert', '$2a$10$5guErpoDHQNGA6V/H5KnNu0GeemEnldd7zW3kVXxsnYLoNJbO0Gfm', 'PROFESSIONAL', 9701, 'expert@seo.com'),
	(29, 'contentcreator', '$2a$10$AuFinnTtlKzXF5WQhwb4MeZ7P7h1SboB.dCzfX2jtITm1zJGwqli2', 'PROFESSIONAL', 9701, 'creator@content.com'),
	(30, 'eventplanner', '$2a$10$yRfbPYsLg3A6BYXccBF10uQ4y/d9y88SfEVxfzVrt.9Eg35FOTJg2', 'PROFESSIONAL', 9701, 'planner@event.com'),
	(31, 'researchscientist', '$2a$10$1pY1QEAQQn8FSK7ULkxdweZ6.8Dnw8dRXAlQvW.gi1JuRLi2DTu6W', 'PROFESSIONAL', 9701, 'scientist@research.com'),
	(32, 'techsolutions', '$2a$10$gvXt6ba0SdFbcIeHKt9hIuUXmsMVOfbd7rd5Fdt.svB08yj1WJvMi', 'EMPLOYER', 9701, 'contact@techsolutions.com'),
	(33, 'greenenergy', '$2a$10$1L0w7e1jWjoV133zIkrcXeSzHqwD8KKLu/VgUNhuxF4/ZH1/W5Upa', 'EMPLOYER', 9701, 'info@greenenergy.com'),
	(34, 'fintechhub', '$2a$10$E9M82TMzADS2isksdKXJs.z/nn66NE9J4Huzte3I/uceUSdnjrvCK', 'EMPLOYER', 9701, 'support@fintechhub.com'),
	(35, 'healthtech', '$2a$10$3VRLIaoFlitban2Xwle4pe2gVbCvMtccxhJUMKIFFfuXJhYorz9Ke', 'EMPLOYER', 9701, 'contact@healthtech.com'),
	(36, 'edutech', '$2a$10$OLqQKQs7saO3ZR8cSJXPoOkI/DZS812/F24KIan8YZgkR5Uu.nNUu', 'EMPLOYER', 9701, 'info@edutech.com'),
	(37, 'cybersecure', '$2a$10$8yTacu/HaccRZ5YsMh.NP.lAdzJK2yzMmOe.dMLS.dSfE29CcWDVa', 'EMPLOYER', 9701, 'support@cybersecure.com'),
	(38, 'foodinnovations', '$2a$10$BrRON6ZoO2YiGfkQMH5ATeF3wjQHlzvf8aEzzVhh9jO8lnX7qvg9G', 'EMPLOYER', 9701, 'contact@foodinnovations.com'),
	(39, 'mediahub', '$2a$10$1wC4qBcYLVoMSNs3Zp1uTut69gOgsqWF8Fys1W1FMxSC6GbCjwba6', 'EMPLOYER', 9701, 'info@mediahub.com'),
	(40, 'retailtech', '$2a$10$qzK3A1scoAbbUj90Hro9n.8wszvzSleo9XDKFUBfFe8EARZOTbwVe', 'EMPLOYER', 9701, 'support@retailtech.com'),
	(41, 'smarttransport', '$2a$10$JJ26.jgYLQ6IHTuPTsHQJ.ydS6C6ywIKlnDy3gRiMExHsSI2JyCXm', 'EMPLOYER', 9701, 'contact@smarttransport.com'),
	(42, 'innovativetech', '$2a$10$anJKaL.wKCV1kH14vGhqeO8FzU0zKqO.C2eJL/b6.gPTAFYbWeAd.', 'EMPLOYER', 9656, 'info@innovativetech.com'),
	(43, 'solarenergy', '$2a$10$fcayetAwRqF8uM6p56ZulO/x4.zhVh5WDZPJQnCp637mrunCcyzOu', 'EMPLOYER', 9656, 'contact@solarenergy.com'),
	(44, 'biotechlab', '$2a$10$sQHpf9/5b.f6OuZ8EeJof.OjOZqNIsRsMh5Mv2Y0..4KBDzIrfC32', 'EMPLOYER', 9656, 'support@biotechlab.com'),
	(45, 'agritech', '$2a$10$NxQEpz0BV374e4sccYR/C.wuHHngNSu9riBOlSDk3jP32WSnsf9Y6', 'EMPLOYER', 9656, 'info@agritech.com'),
	(46, 'sankov', '$2a$10$4rZnV0E6ejrwFxwN.ydLAORJ40EAOrD29MQnI1aH5iPD6i8dHD4se', 'ADMIN', 1, 'sankov@example.com'),
	(47, 'codydiesel', '$2a$10$4rZnV0E6ejrwFxwN.ydLAORJ40EAOrD29MQnI1aH5iPD6i8dHD4se', 'PROFESSIONAL', 9701, 'cody@research.com'),
	(48, 'roboticslab', '$2a$10$Vw6MO9J7HPYNw4TEfruKaesd3LTXRKe2mIGZC7zoiyDWgqtGNLjY.', 'EMPLOYER', 9656, 'contact@roboticslab.com');

/*!40103 SET TIME_ZONE=IFNULL(@OLD_TIME_ZONE, 'system') */;
/*!40101 SET SQL_MODE=IFNULL(@OLD_SQL_MODE, '') */;
/*!40014 SET FOREIGN_KEY_CHECKS=IFNULL(@OLD_FOREIGN_KEY_CHECKS, 1) */;
/*!40101 SET CHARACTER_SET_CLIENT=@OLD_CHARACTER_SET_CLIENT */;
/*!40111 SET SQL_NOTES=IFNULL(@OLD_SQL_NOTES, 1) */;
